dbSNP_RS,Type,Name,GeneSymbol,ClinicalSignificance,PhenotypeList,Disease
281865527,Duplication,NM_000372.5(TYR):c.929dup (p.Arg311fs),TYR,Pathogenic,"Tyrosinase-negative oculocutaneous albinism,Inborn genetic diseases,SKIN/HAIR/EYE PIGMENTATION 3, LIGHT/DARK SKIN",Albinism Condition
281865527,Duplication,NM_000372.5(TYR):c.929dup (p.Arg311fs),TYR,Pathogenic,"Tyrosinase-negative oculocutaneous albinism,Inborn genetic diseases,SKIN/HAIR/EYE PIGMENTATION 3, LIGHT/DARK SKIN",Albinism Condition
28940876,single nucleotide variant,NM_000372.5(TYR):c.242C>T (p.Pro81Leu),TYR,Pathogenic,"Tyrosinase-negative oculocutaneous albinism,Albinism,Inborn genetic diseases,Oculocutaneous albinism,Oculocutaneous albinism type 1B,Tyrosinase-negative oculocutaneous albinism;Oculocutaneous albinism type 1B;SKIN/HAIR/EYE PIGMENTATION 3, LIGHT/DARK SKIN,TYR-related disorder,SKIN/HAIR/EYE PIGMENTATION 3, LIGHT/DARK SKIN,Oculocutaneous albinism type 1",Albinism Condition
28940876,single nucleotide variant,NM_000372.5(TYR):c.242C>T (p.Pro81Leu),TYR,Pathogenic,"Tyrosinase-negative oculocutaneous albinism,Albinism,Inborn genetic diseases,Oculocutaneous albinism,Oculocutaneous albinism type 1B,Tyrosinase-negative oculocutaneous albinism;Oculocutaneous albinism type 1B;SKIN/HAIR/EYE PIGMENTATION 3, LIGHT/DARK SKIN,TYR-related disorder,SKIN/HAIR/EYE PIGMENTATION 3, LIGHT/DARK SKIN,Oculocutaneous albinism type 1",Albinism Condition
104894314,single nucleotide variant,NM_000372.5(TYR):c.823G>T (p.Val275Phe),TYR,Pathogenic/Likely pathogenic,"Oculocutaneous albinism type 1B,Tyrosinase-negative oculocutaneous albinism,Oculocutaneous albinism,SKIN/HAIR/EYE PIGMENTATION 3, LIGHT/DARK SKIN,SKIN/HAIR/EYE PIGMENTATION 3, LIGHT/DARK SKIN;Oculocutaneous albinism type 1B;Tyrosinase-negative oculocutaneous albinism,TYR-related condition",Albinism Condition
104894314,single nucleotide variant,NM_000372.5(TYR):c.823G>T (p.Val275Phe),TYR,Pathogenic/Likely pathogenic,"Oculocutaneous albinism type 1B,Tyrosinase-negative oculocutaneous albinism,Oculocutaneous albinism,SKIN/HAIR/EYE PIGMENTATION 3, LIGHT/DARK SKIN,SKIN/HAIR/EYE PIGMENTATION 3, LIGHT/DARK SKIN;Oculocutaneous albinism type 1B;Tyrosinase-negative oculocutaneous albinism,TYR-related condition",Albinism Condition
61754388,single nucleotide variant,NM_000372.5(TYR):c.1118C>A (p.Thr373Lys),TYR,Pathogenic,"Tyrosinase-negative oculocutaneous albinism,Oculocutaneous albinism,SKIN/HAIR/EYE PIGMENTATION 3, LIGHT/DARK SKIN,SKIN/HAIR/EYE PIGMENTATION 3, LIGHT/DARK SKIN;Oculocutaneous albinism type 1B;Tyrosinase-negative oculocutaneous albinism,Oculocutaneous albinism type 1B,TYR-related disorder,TYR-related condition",Albinism Condition
61754388,single nucleotide variant,NM_000372.5(TYR):c.1118C>A (p.Thr373Lys),TYR,Pathogenic,"Tyrosinase-negative oculocutaneous albinism,Oculocutaneous albinism,SKIN/HAIR/EYE PIGMENTATION 3, LIGHT/DARK SKIN,SKIN/HAIR/EYE PIGMENTATION 3, LIGHT/DARK SKIN;Oculocutaneous albinism type 1B;Tyrosinase-negative oculocutaneous albinism,Oculocutaneous albinism type 1B,TYR-related disorder,TYR-related condition",Albinism Condition
121908011,single nucleotide variant,NM_000372.5(TYR):c.1147G>A (p.Asp383Asn),TYR,Pathogenic,"Tyrosinase-negative oculocutaneous albinism,Tyrosinase-negative oculocutaneous albinism;Oculocutaneous albinism type 1B,SKIN/HAIR/EYE PIGMENTATION 3, LIGHT/DARK SKIN;Ocular albinism with congenital sensorineural hearing loss;Tyrosinase-negative oculocutaneous albinism;Oculocutaneous albinism type 1B,Nonsyndromic Oculocutaneous Albinism,Inborn genetic diseases,Oculocutaneous albinism,SKIN/HAIR/EYE PIGMENTATION 3, LIGHT/DARK SKIN,TYR-related condition",Albinism Condition
121908011,single nucleotide variant,NM_000372.5(TYR):c.1147G>A (p.Asp383Asn),TYR,Pathogenic,"Tyrosinase-negative oculocutaneous albinism,Tyrosinase-negative oculocutaneous albinism;Oculocutaneous albinism type 1B,SKIN/HAIR/EYE PIGMENTATION 3, LIGHT/DARK SKIN;Ocular albinism with congenital sensorineural hearing loss;Tyrosinase-negative oculocutaneous albinism;Oculocutaneous albinism type 1B,Nonsyndromic Oculocutaneous Albinism,Inborn genetic diseases,Oculocutaneous albinism,SKIN/HAIR/EYE PIGMENTATION 3, LIGHT/DARK SKIN,TYR-related condition",Albinism Condition
61753185,single nucleotide variant,NM_000372.5(TYR):c.230G>A (p.Arg77Gln),TYR,Pathogenic,"Tyrosinase-negative oculocutaneous albinism,Oculocutaneous albinism type 1B,See cases,SKIN/HAIR/EYE PIGMENTATION 3, LIGHT/DARK SKIN,TYR-related condition,Tyrosinase-negative oculocutaneous albinism;Oculocutaneous albinism type 1B;SKIN/HAIR/EYE PIGMENTATION 3, LIGHT/DARK SKIN",Albinism Condition
61753185,single nucleotide variant,NM_000372.5(TYR):c.230G>A (p.Arg77Gln),TYR,Pathogenic,"Tyrosinase-negative oculocutaneous albinism,Oculocutaneous albinism type 1B,See cases,SKIN/HAIR/EYE PIGMENTATION 3, LIGHT/DARK SKIN,TYR-related condition,Tyrosinase-negative oculocutaneous albinism;Oculocutaneous albinism type 1B;SKIN/HAIR/EYE PIGMENTATION 3, LIGHT/DARK SKIN",Albinism Condition
104894313,single nucleotide variant,NM_000372.5(TYR):c.1217C>T (p.Pro406Leu),TYR,Pathogenic/Likely pathogenic,"Oculocutaneous albinism type 1B,Oculocutaneous albinism,Tyrosinase-negative oculocutaneous albinism,SKIN/HAIR/EYE PIGMENTATION 3, LIGHT/DARK SKIN;Ocular albinism with congenital sensorineural hearing loss;Oculocutaneous albinism type 1B;Tyrosinase-negative oculocutaneous albinism,Inborn genetic diseases,Abnormality of the skin,Hearing impairment,SKIN/HAIR/EYE PIGMENTATION 3, LIGHT/DARK SKIN,TYR-related condition",Albinism Condition
104894313,single nucleotide variant,NM_000372.5(TYR):c.1217C>T (p.Pro406Leu),TYR,Pathogenic/Likely pathogenic,"Oculocutaneous albinism type 1B,Oculocutaneous albinism,Tyrosinase-negative oculocutaneous albinism,SKIN/HAIR/EYE PIGMENTATION 3, LIGHT/DARK SKIN;Ocular albinism with congenital sensorineural hearing loss;Oculocutaneous albinism type 1B;Tyrosinase-negative oculocutaneous albinism,Inborn genetic diseases,Abnormality of the skin,Hearing impairment,SKIN/HAIR/EYE PIGMENTATION 3, LIGHT/DARK SKIN,TYR-related condition",Albinism Condition
1042602,single nucleotide variant,NM_000372.5(TYR):c.575C>A (p.Ser192Tyr),TYR,Conflicting classifications of pathogenicity,"SKIN/HAIR/EYE PIGMENTATION 3, LIGHT/DARK SKIN,Tyrosinase-negative oculocutaneous albinism,Oculocutaneous albinism",Albinism Condition
1042602,single nucleotide variant,NM_000372.5(TYR):c.575C>A (p.Ser192Tyr),TYR,Conflicting classifications of pathogenicity,"SKIN/HAIR/EYE PIGMENTATION 3, LIGHT/DARK SKIN,Tyrosinase-negative oculocutaneous albinism,Oculocutaneous albinism",Albinism Condition
1126809,single nucleotide variant,NM_000372.5(TYR):c.1205G>A (p.Arg402Gln),TYR,Conflicting classifications of pathogenicity; other,"Oculocutaneous albinism type 1B,Temperature-sensitive oculocutaneous albinism type 1,Melanoma, cutaneous malignant, susceptibility to, 8,SKIN/HAIR/EYE PIGMENTATION 3, LIGHT/DARK SKIN,Skin/hair/eye pigmentation 3, blue/green eyes,Tyrosinase-negative oculocutaneous albinism,6 conditions,Autosomal recessive ocular albinism,Malignant tumor of breast,Oculocutaneous albinism type 1",Albinism Condition
1126809,single nucleotide variant,NM_000372.5(TYR):c.1205G>A (p.Arg402Gln),TYR,Conflicting classifications of pathogenicity; other,"Oculocutaneous albinism type 1B,Temperature-sensitive oculocutaneous albinism type 1,Melanoma, cutaneous malignant, susceptibility to, 8,SKIN/HAIR/EYE PIGMENTATION 3, LIGHT/DARK SKIN,Skin/hair/eye pigmentation 3, blue/green eyes,Tyrosinase-negative oculocutaneous albinism,6 conditions,Autosomal recessive ocular albinism,Malignant tumor of breast,Oculocutaneous albinism type 1",Albinism Condition
28940877,single nucleotide variant,NM_000372.5(TYR):c.265T>C (p.Cys89Arg),TYR,Pathogenic,"Tyrosinase-negative oculocutaneous albinism,8 conditions",Albinism Condition
28940877,single nucleotide variant,NM_000372.5(TYR):c.265T>C (p.Cys89Arg),TYR,Pathogenic,"Tyrosinase-negative oculocutaneous albinism,8 conditions",Albinism Condition
61754393,single nucleotide variant,NM_000372.5(TYR):c.1265G>A (p.Arg422Gln),TYR,Pathogenic,"Temperature-sensitive oculocutaneous albinism type 1,Oculocutaneous albinism type 1B,SKIN/HAIR/EYE PIGMENTATION 3, LIGHT/DARK SKIN",Albinism Condition
61754393,single nucleotide variant,NM_000372.5(TYR):c.1265G>A (p.Arg422Gln),TYR,Pathogenic,"Temperature-sensitive oculocutaneous albinism type 1,Oculocutaneous albinism type 1B,SKIN/HAIR/EYE PIGMENTATION 3, LIGHT/DARK SKIN",Albinism Condition
1799989,single nucleotide variant,NM_000372.2(TYR):c.-199C>A,TYR,Benign,Tyrosinase-negative oculocutaneous albinism,Albinism Condition
1799989,single nucleotide variant,NM_000372.2(TYR):c.-199C>A,TYR,Benign,Tyrosinase-negative oculocutaneous albinism,Albinism Condition
61754360,single nucleotide variant,NM_000372.5(TYR):c.533G>A (p.Trp178Ter),TYR,Pathogenic,Tyrosinase-negative oculocutaneous albinism,Albinism Condition
61754360,single nucleotide variant,NM_000372.5(TYR):c.533G>A (p.Trp178Ter),TYR,Pathogenic,Tyrosinase-negative oculocutaneous albinism,Albinism Condition
104894315,single nucleotide variant,NM_000372.5(TYR):c.1146C>A (p.Asn382Lys),TYR,Pathogenic,"Tyrosinase-negative oculocutaneous albinism,SKIN/HAIR/EYE PIGMENTATION 3, LIGHT/DARK SKIN",Albinism Condition
104894315,single nucleotide variant,NM_000372.5(TYR):c.1146C>A (p.Asn382Lys),TYR,Pathogenic,"Tyrosinase-negative oculocutaneous albinism,SKIN/HAIR/EYE PIGMENTATION 3, LIGHT/DARK SKIN",Albinism Condition
61754368,Microsatellite,NM_000372.5(TYR):c.732_733del (p.Cys244_Asp245delinsTer),TYR,Pathogenic,"Tyrosinase-negative oculocutaneous albinism,SKIN/HAIR/EYE PIGMENTATION 3, LIGHT/DARK SKIN",Albinism Condition
61754368,Microsatellite,NM_000372.5(TYR):c.732_733del (p.Cys244_Asp245delinsTer),TYR,Pathogenic,"Tyrosinase-negative oculocutaneous albinism,SKIN/HAIR/EYE PIGMENTATION 3, LIGHT/DARK SKIN",Albinism Condition
61753190,Duplication,NM_000372.5(TYR):c.286dup (p.Met96fs),TYR,Pathogenic/Likely pathogenic,"Tyrosinase-negative oculocutaneous albinism,Abnormality of the skin,SKIN/HAIR/EYE PIGMENTATION 3, LIGHT/DARK SKIN",Albinism Condition
61753190,Duplication,NM_000372.5(TYR):c.286dup (p.Met96fs),TYR,Pathogenic/Likely pathogenic,"Tyrosinase-negative oculocutaneous albinism,Abnormality of the skin,SKIN/HAIR/EYE PIGMENTATION 3, LIGHT/DARK SKIN",Albinism Condition
28940878,single nucleotide variant,NM_000372.5(TYR):c.125A>G (p.Asp42Gly),TYR,Likely pathogenic,Tyrosinase-negative oculocutaneous albinism,Albinism Condition
28940878,single nucleotide variant,NM_000372.5(TYR):c.125A>G (p.Asp42Gly),TYR,Likely pathogenic,Tyrosinase-negative oculocutaneous albinism,Albinism Condition
28940879,single nucleotide variant,NM_000372.5(TYR):c.164G>A (p.Cys55Tyr),TYR,Pathogenic,"Tyrosinase-negative oculocutaneous albinism,Oculocutaneous albinism,SKIN/HAIR/EYE PIGMENTATION 3, LIGHT/DARK SKIN;Ocular albinism with congenital sensorineural hearing loss;Tyrosinase-negative oculocutaneous albinism;Oculocutaneous albinism type 1B,Oculocutaneous albinism type 1B,SKIN/HAIR/EYE PIGMENTATION 3, LIGHT/DARK SKIN",Albinism Condition
28940879,single nucleotide variant,NM_000372.5(TYR):c.164G>A (p.Cys55Tyr),TYR,Pathogenic,"Tyrosinase-negative oculocutaneous albinism,Oculocutaneous albinism,SKIN/HAIR/EYE PIGMENTATION 3, LIGHT/DARK SKIN;Ocular albinism with congenital sensorineural hearing loss;Tyrosinase-negative oculocutaneous albinism;Oculocutaneous albinism type 1B,Oculocutaneous albinism type 1B,SKIN/HAIR/EYE PIGMENTATION 3, LIGHT/DARK SKIN",Albinism Condition
28940880,single nucleotide variant,NM_000372.5(TYR):c.616G>A (p.Ala206Thr),TYR,Pathogenic/Likely pathogenic,"Tyrosinase-negative oculocutaneous albinism,SKIN/HAIR/EYE PIGMENTATION 3, LIGHT/DARK SKIN",Albinism Condition
28940880,single nucleotide variant,NM_000372.5(TYR):c.616G>A (p.Ala206Thr),TYR,Pathogenic/Likely pathogenic,"Tyrosinase-negative oculocutaneous albinism,SKIN/HAIR/EYE PIGMENTATION 3, LIGHT/DARK SKIN",Albinism Condition
61754392,single nucleotide variant,NM_000372.5(TYR):c.1255G>A (p.Gly419Arg),TYR,Pathogenic,"Tyrosinase-negative oculocutaneous albinism,Nonsyndromic Oculocutaneous Albinism,Oculocutaneous albinism type 1,SKIN/HAIR/EYE PIGMENTATION 3, LIGHT/DARK SKIN,Tyrosinase-negative oculocutaneous albinism;Oculocutaneous albinism type 1B;SKIN/HAIR/EYE PIGMENTATION 3, LIGHT/DARK SKIN",Albinism Condition
61754392,single nucleotide variant,NM_000372.5(TYR):c.1255G>A (p.Gly419Arg),TYR,Pathogenic,"Tyrosinase-negative oculocutaneous albinism,Nonsyndromic Oculocutaneous Albinism,Oculocutaneous albinism type 1,SKIN/HAIR/EYE PIGMENTATION 3, LIGHT/DARK SKIN,Tyrosinase-negative oculocutaneous albinism;Oculocutaneous albinism type 1B;SKIN/HAIR/EYE PIGMENTATION 3, LIGHT/DARK SKIN",Albinism Condition
61753178,single nucleotide variant,NM_000372.5(TYR):c.61C>T (p.Pro21Ser),TYR,Pathogenic,Tyrosinase-negative oculocutaneous albinism,Albinism Condition
61753178,single nucleotide variant,NM_000372.5(TYR):c.61C>T (p.Pro21Ser),TYR,Pathogenic,Tyrosinase-negative oculocutaneous albinism,Albinism Condition
61753180,single nucleotide variant,NM_000372.5(TYR):c.140G>A (p.Gly47Asp),TYR,Pathogenic/Likely pathogenic,"Tyrosinase-negative oculocutaneous albinism,Oculocutaneous albinism type 1B,SKIN/HAIR/EYE PIGMENTATION 3, LIGHT/DARK SKIN;Ocular albinism with congenital sensorineural hearing loss;Tyrosinase-negative oculocutaneous albinism;Oculocutaneous albinism type 1B,Inborn genetic diseases,SKIN/HAIR/EYE PIGMENTATION 3, LIGHT/DARK SKIN,TYR-related condition",Albinism Condition
61753180,single nucleotide variant,NM_000372.5(TYR):c.140G>A (p.Gly47Asp),TYR,Pathogenic/Likely pathogenic,"Tyrosinase-negative oculocutaneous albinism,Oculocutaneous albinism type 1B,SKIN/HAIR/EYE PIGMENTATION 3, LIGHT/DARK SKIN;Ocular albinism with congenital sensorineural hearing loss;Tyrosinase-negative oculocutaneous albinism;Oculocutaneous albinism type 1B,Inborn genetic diseases,SKIN/HAIR/EYE PIGMENTATION 3, LIGHT/DARK SKIN,TYR-related condition",Albinism Condition
63159160,single nucleotide variant,NM_000372.5(TYR):c.649C>T (p.Arg217Trp),TYR,Conflicting classifications of pathogenicity,"Tyrosinase-negative oculocutaneous albinism,Nonsyndromic Oculocutaneous Albinism,Oculocutaneous albinism type 1B,Tyrosinase-negative oculocutaneous albinism;Oculocutaneous albinism type 1B;SKIN/HAIR/EYE PIGMENTATION 3, LIGHT/DARK SKIN;Ocular albinism with congenital sensorineural hearing loss,SKIN/HAIR/EYE PIGMENTATION 3, LIGHT/DARK SKIN",Albinism Condition
63159160,single nucleotide variant,NM_000372.5(TYR):c.649C>T (p.Arg217Trp),TYR,Conflicting classifications of pathogenicity,"Tyrosinase-negative oculocutaneous albinism,Nonsyndromic Oculocutaneous Albinism,Oculocutaneous albinism type 1B,Tyrosinase-negative oculocutaneous albinism;Oculocutaneous albinism type 1B;SKIN/HAIR/EYE PIGMENTATION 3, LIGHT/DARK SKIN;Ocular albinism with congenital sensorineural hearing loss,SKIN/HAIR/EYE PIGMENTATION 3, LIGHT/DARK SKIN",Albinism Condition
61754375,single nucleotide variant,NM_000372.5(TYR):c.896G>A (p.Arg299His),TYR,Pathogenic,"Tyrosinase-negative oculocutaneous albinism,Nonsyndromic Oculocutaneous Albinism,Tyrosinase-negative oculocutaneous albinism;Oculocutaneous albinism type 1B,See cases,SKIN/HAIR/EYE PIGMENTATION 3, LIGHT/DARK SKIN,Oculocutaneous albinism",Albinism Condition
61754375,single nucleotide variant,NM_000372.5(TYR):c.896G>A (p.Arg299His),TYR,Pathogenic,"Tyrosinase-negative oculocutaneous albinism,Nonsyndromic Oculocutaneous Albinism,Tyrosinase-negative oculocutaneous albinism;Oculocutaneous albinism type 1B,See cases,SKIN/HAIR/EYE PIGMENTATION 3, LIGHT/DARK SKIN,Oculocutaneous albinism",Albinism Condition
61754387,single nucleotide variant,NM_000372.5(TYR):c.1112A>C (p.Asn371Thr),TYR,Pathogenic,Tyrosinase-negative oculocutaneous albinism,Albinism Condition
61754387,single nucleotide variant,NM_000372.5(TYR):c.1112A>C (p.Asn371Thr),TYR,Pathogenic,Tyrosinase-negative oculocutaneous albinism,Albinism Condition
281865522,Deletion,NM_000372.5(TYR):c.1164del (p.His389fs),TYR,Pathogenic,Tyrosinase-negative oculocutaneous albinism,Albinism Condition
281865522,Deletion,NM_000372.5(TYR):c.1164del (p.His389fs),TYR,Pathogenic,Tyrosinase-negative oculocutaneous albinism,Albinism Condition
104894316,single nucleotide variant,NM_000372.5(TYR):c.1209G>T (p.Arg403Ser),TYR,Pathogenic/Likely pathogenic,"Tyrosinase-negative oculocutaneous albinism,SKIN/HAIR/EYE PIGMENTATION 3, LIGHT/DARK SKIN,Oculocutaneous albinism",Albinism Condition
104894316,single nucleotide variant,NM_000372.5(TYR):c.1209G>T (p.Arg403Ser),TYR,Pathogenic/Likely pathogenic,"Tyrosinase-negative oculocutaneous albinism,SKIN/HAIR/EYE PIGMENTATION 3, LIGHT/DARK SKIN,Oculocutaneous albinism",Albinism Condition
104894317,single nucleotide variant,NM_000372.5(TYR):c.1336G>A (p.Gly446Ser),TYR,Pathogenic,"Tyrosinase-negative oculocutaneous albinism,Oculocutaneous albinism,Tyrosinase-negative oculocutaneous albinism;Oculocutaneous albinism type 1B;SKIN/HAIR/EYE PIGMENTATION 3, LIGHT/DARK SKIN,TYR-related condition,Oculocutaneous albinism type 1B,SKIN/HAIR/EYE PIGMENTATION 3, LIGHT/DARK SKIN",Albinism Condition
104894317,single nucleotide variant,NM_000372.5(TYR):c.1336G>A (p.Gly446Ser),TYR,Pathogenic,"Tyrosinase-negative oculocutaneous albinism,Oculocutaneous albinism,Tyrosinase-negative oculocutaneous albinism;Oculocutaneous albinism type 1B;SKIN/HAIR/EYE PIGMENTATION 3, LIGHT/DARK SKIN,TYR-related condition,Oculocutaneous albinism type 1B,SKIN/HAIR/EYE PIGMENTATION 3, LIGHT/DARK SKIN",Albinism Condition
104894318,single nucleotide variant,NM_000372.5(TYR):c.1342G>A (p.Asp448Asn),TYR,Pathogenic/Likely pathogenic,Tyrosinase-negative oculocutaneous albinism,Albinism Condition
104894318,single nucleotide variant,NM_000372.5(TYR):c.1342G>A (p.Asp448Asn),TYR,Pathogenic/Likely pathogenic,Tyrosinase-negative oculocutaneous albinism,Albinism Condition
61754399,Duplication,NM_000372.5(TYR):c.1467dup (p.Ala490fs),TYR,Pathogenic/Likely pathogenic,"Tyrosinase-negative oculocutaneous albinism,SKIN/HAIR/EYE PIGMENTATION 3, LIGHT/DARK SKIN;Tyrosinase-negative oculocutaneous albinism;Oculocutaneous albinism type 1B,Oculocutaneous albinism type 1B,SKIN/HAIR/EYE PIGMENTATION 3, LIGHT/DARK SKIN",Albinism Condition
61754399,Duplication,NM_000372.5(TYR):c.1467dup (p.Ala490fs),TYR,Pathogenic/Likely pathogenic,"Tyrosinase-negative oculocutaneous albinism,SKIN/HAIR/EYE PIGMENTATION 3, LIGHT/DARK SKIN;Tyrosinase-negative oculocutaneous albinism;Oculocutaneous albinism type 1B,Oculocutaneous albinism type 1B,SKIN/HAIR/EYE PIGMENTATION 3, LIGHT/DARK SKIN",Albinism Condition
281865328,Duplication,NM_000372.5(TYR):c.1501dup (p.Arg501fs),TYR,Likely pathogenic,Tyrosinase-negative oculocutaneous albinism,Albinism Condition
281865328,Duplication,NM_000372.5(TYR):c.1501dup (p.Arg501fs),TYR,Likely pathogenic,Tyrosinase-negative oculocutaneous albinism,Albinism Condition
61754367,single nucleotide variant,NM_000372.5(TYR):c.707G>A (p.Trp236Ter),TYR,Likely pathogenic,Tyrosinase-negative oculocutaneous albinism,Albinism Condition
61754367,single nucleotide variant,NM_000372.5(TYR):c.707G>A (p.Trp236Ter),TYR,Likely pathogenic,Tyrosinase-negative oculocutaneous albinism,Albinism Condition
61754363,single nucleotide variant,NM_000372.5(TYR):c.646T>A (p.Leu216Met),TYR,Uncertain significance,Tyrosinase-negative oculocutaneous albinism,Albinism Condition
61754363,single nucleotide variant,NM_000372.5(TYR):c.646T>A (p.Leu216Met),TYR,Uncertain significance,Tyrosinase-negative oculocutaneous albinism,Albinism Condition
28940881,single nucleotide variant,NM_000372.5(TYR):c.1A>G (p.Met1Val),TYR,Pathogenic/Likely pathogenic,"Oculocutaneous albinism type 1B,Tyrosinase-negative oculocutaneous albinism,Hypopigmentation of the skin;Iris transillumination defect;Hypopigmentation of hair;Horizontal nystagmus,Albinism;Nystagmus;Myopia,6 conditions,SKIN/HAIR/EYE PIGMENTATION 3, LIGHT/DARK SKIN;Ocular albinism with congenital sensorineural hearing loss;Oculocutaneous albinism type 1B;Tyrosinase-negative oculocutaneous albinism,Abnormality of the skin,Oculocutaneous albinism",Albinism Condition
28940881,single nucleotide variant,NM_000372.5(TYR):c.1A>G (p.Met1Val),TYR,Pathogenic/Likely pathogenic,"Oculocutaneous albinism type 1B,Tyrosinase-negative oculocutaneous albinism,Hypopigmentation of the skin;Iris transillumination defect;Hypopigmentation of hair;Horizontal nystagmus,Albinism;Nystagmus;Myopia,6 conditions,SKIN/HAIR/EYE PIGMENTATION 3, LIGHT/DARK SKIN;Ocular albinism with congenital sensorineural hearing loss;Oculocutaneous albinism type 1B;Tyrosinase-negative oculocutaneous albinism,Abnormality of the skin,Oculocutaneous albinism",Albinism Condition
137854890,single nucleotide variant,NM_000372.5(TYR):c.272G>A (p.Cys91Tyr),TYR,Pathogenic/Likely pathogenic,"Tyrosinase-negative oculocutaneous albinism,SKIN/HAIR/EYE PIGMENTATION 3, LIGHT/DARK SKIN",Albinism Condition
137854890,single nucleotide variant,NM_000372.5(TYR):c.272G>A (p.Cys91Tyr),TYR,Pathogenic/Likely pathogenic,"Tyrosinase-negative oculocutaneous albinism,SKIN/HAIR/EYE PIGMENTATION 3, LIGHT/DARK SKIN",Albinism Condition
61754382,single nucleotide variant,NM_000372.5(TYR):c.1037-1G>A,TYR,Pathogenic/Likely pathogenic,"Tyrosinase-negative oculocutaneous albinism,Tyrosinase-negative oculocutaneous albinism;Oculocutaneous albinism type 1B;SKIN/HAIR/EYE PIGMENTATION 3, LIGHT/DARK SKIN,SKIN/HAIR/EYE PIGMENTATION 3, LIGHT/DARK SKIN",Albinism Condition
61754382,single nucleotide variant,NM_000372.5(TYR):c.1037-1G>A,TYR,Pathogenic/Likely pathogenic,"Tyrosinase-negative oculocutaneous albinism,Tyrosinase-negative oculocutaneous albinism;Oculocutaneous albinism type 1B;SKIN/HAIR/EYE PIGMENTATION 3, LIGHT/DARK SKIN,SKIN/HAIR/EYE PIGMENTATION 3, LIGHT/DARK SKIN",Albinism Condition
61754381,single nucleotide variant,NM_000372.5(TYR):c.1037-7T>A,TYR,Pathogenic/Likely pathogenic,"Tyrosinase-negative oculocutaneous albinism,Oculocutaneous albinism,Albinism;Myopia;Nystagmus,Nonsyndromic Oculocutaneous Albinism,Oculocutaneous albinism type 1B,Tyrosinase-negative oculocutaneous albinism;Oculocutaneous albinism type 1B,Tyrosinase-negative oculocutaneous albinism;Oculocutaneous albinism type 1B;SKIN/HAIR/EYE PIGMENTATION 3, LIGHT/DARK SKIN,TYR-related condition,SKIN/HAIR/EYE PIGMENTATION 3, LIGHT/DARK SKIN,Abnormality of the skin,Ocular albinism",Albinism Condition
61754381,single nucleotide variant,NM_000372.5(TYR):c.1037-7T>A,TYR,Pathogenic/Likely pathogenic,"Tyrosinase-negative oculocutaneous albinism,Oculocutaneous albinism,Albinism;Myopia;Nystagmus,Nonsyndromic Oculocutaneous Albinism,Oculocutaneous albinism type 1B,Tyrosinase-negative oculocutaneous albinism;Oculocutaneous albinism type 1B,Tyrosinase-negative oculocutaneous albinism;Oculocutaneous albinism type 1B;SKIN/HAIR/EYE PIGMENTATION 3, LIGHT/DARK SKIN,TYR-related condition,SKIN/HAIR/EYE PIGMENTATION 3, LIGHT/DARK SKIN,Abnormality of the skin,Ocular albinism",Albinism Condition
62645908,single nucleotide variant,NM_000372.5(TYR):c.1063G>C (p.Ala355Pro),TYR,Conflicting classifications of pathogenicity,"Tyrosinase-negative oculocutaneous albinism,TYR-related condition,SKIN/HAIR/EYE PIGMENTATION 3, LIGHT/DARK SKIN",Albinism Condition
62645908,single nucleotide variant,NM_000372.5(TYR):c.1063G>C (p.Ala355Pro),TYR,Conflicting classifications of pathogenicity,"Tyrosinase-negative oculocutaneous albinism,TYR-related condition,SKIN/HAIR/EYE PIGMENTATION 3, LIGHT/DARK SKIN",Albinism Condition
62645909,single nucleotide variant,NM_000372.5(TYR):c.1075C>T (p.Gln359Ter),TYR,Pathogenic,"SKIN/HAIR/EYE PIGMENTATION 3, LIGHT/DARK SKIN",Albinism Condition
62645909,single nucleotide variant,NM_000372.5(TYR):c.1075C>T (p.Gln359Ter),TYR,Pathogenic,"SKIN/HAIR/EYE PIGMENTATION 3, LIGHT/DARK SKIN",Albinism Condition
61754384,single nucleotide variant,NM_000372.5(TYR):c.1100A>G (p.His367Arg),TYR,Conflicting classifications of pathogenicity,Tyrosinase-negative oculocutaneous albinism,Albinism Condition
61754384,single nucleotide variant,NM_000372.5(TYR):c.1100A>G (p.His367Arg),TYR,Conflicting classifications of pathogenicity,Tyrosinase-negative oculocutaneous albinism,Albinism Condition
61754386,single nucleotide variant,NM_000372.5(TYR):c.1111A>T (p.Asn371Tyr),TYR,Pathogenic/Likely pathogenic,Tyrosinase-negative oculocutaneous albinism,Albinism Condition
61754386,single nucleotide variant,NM_000372.5(TYR):c.1111A>T (p.Asn371Tyr),TYR,Pathogenic/Likely pathogenic,Tyrosinase-negative oculocutaneous albinism,Albinism Condition
62645914,single nucleotide variant,NM_000372.5(TYR):c.1168C>G (p.His390Asp),TYR,Pathogenic,Oculocutaneous albinism,Albinism Condition
62645914,single nucleotide variant,NM_000372.5(TYR):c.1168C>G (p.His390Asp),TYR,Pathogenic,Oculocutaneous albinism,Albinism Condition
62645916,single nucleotide variant,NM_000372.5(TYR):c.1199G>T (p.Trp400Leu),TYR,Pathogenic/Likely pathogenic,"Tyrosinase-negative oculocutaneous albinism,SKIN/HAIR/EYE PIGMENTATION 3, LIGHT/DARK SKIN;Tyrosinase-negative oculocutaneous albinism;Oculocutaneous albinism type 1B;Ocular albinism with congenital sensorineural hearing loss,SKIN/HAIR/EYE PIGMENTATION 3, LIGHT/DARK SKIN",Albinism Condition
62645916,single nucleotide variant,NM_000372.5(TYR):c.1199G>T (p.Trp400Leu),TYR,Pathogenic/Likely pathogenic,"Tyrosinase-negative oculocutaneous albinism,SKIN/HAIR/EYE PIGMENTATION 3, LIGHT/DARK SKIN;Tyrosinase-negative oculocutaneous albinism;Oculocutaneous albinism type 1B;Ocular albinism with congenital sensorineural hearing loss,SKIN/HAIR/EYE PIGMENTATION 3, LIGHT/DARK SKIN",Albinism Condition
62645917,single nucleotide variant,NM_000372.5(TYR):c.1204C>T (p.Arg402Ter),TYR,Pathogenic,"Tyrosinase-negative oculocutaneous albinism,Nonsyndromic Oculocutaneous Albinism,Abnormality of the skin,SKIN/HAIR/EYE PIGMENTATION 3, LIGHT/DARK SKIN",Albinism Condition
62645917,single nucleotide variant,NM_000372.5(TYR):c.1204C>T (p.Arg402Ter),TYR,Pathogenic,"Tyrosinase-negative oculocutaneous albinism,Nonsyndromic Oculocutaneous Albinism,Abnormality of the skin,SKIN/HAIR/EYE PIGMENTATION 3, LIGHT/DARK SKIN",Albinism Condition
62645924,single nucleotide variant,NM_000372.5(TYR):c.1357C>T (p.Gln453Ter),TYR,Pathogenic,"SKIN/HAIR/EYE PIGMENTATION 3, LIGHT/DARK SKIN",Albinism Condition
62645924,single nucleotide variant,NM_000372.5(TYR):c.1357C>T (p.Gln453Ter),TYR,Pathogenic,"SKIN/HAIR/EYE PIGMENTATION 3, LIGHT/DARK SKIN",Albinism Condition
61754398,single nucleotide variant,NM_000372.5(TYR):c.1366+4A>G,TYR,Conflicting classifications of pathogenicity,"Tyrosinase-negative oculocutaneous albinism;Oculocutaneous albinism type 1B;Ocular albinism with congenital sensorineural hearing loss;SKIN/HAIR/EYE PIGMENTATION 3, LIGHT/DARK SKIN,Oculocutaneous albinism,Tyrosinase-negative oculocutaneous albinism",Albinism Condition
61754398,single nucleotide variant,NM_000372.5(TYR):c.1366+4A>G,TYR,Conflicting classifications of pathogenicity,"Tyrosinase-negative oculocutaneous albinism;Oculocutaneous albinism type 1B;Ocular albinism with congenital sensorineural hearing loss;SKIN/HAIR/EYE PIGMENTATION 3, LIGHT/DARK SKIN,Oculocutaneous albinism,Tyrosinase-negative oculocutaneous albinism",Albinism Condition
61753182,single nucleotide variant,NM_000372.5(TYR):c.155G>T (p.Arg52Ile),TYR,Pathogenic/Likely pathogenic,"SKIN/HAIR/EYE PIGMENTATION 3, LIGHT/DARK SKIN",Albinism Condition
61753182,single nucleotide variant,NM_000372.5(TYR):c.155G>T (p.Arg52Ile),TYR,Pathogenic/Likely pathogenic,"SKIN/HAIR/EYE PIGMENTATION 3, LIGHT/DARK SKIN",Albinism Condition
61753184,single nucleotide variant,NM_000372.5(TYR):c.229C>T (p.Arg77Trp),TYR,Pathogenic,"Tyrosinase-negative oculocutaneous albinism,SKIN/HAIR/EYE PIGMENTATION 3, LIGHT/DARK SKIN",Albinism Condition
61753184,single nucleotide variant,NM_000372.5(TYR):c.229C>T (p.Arg77Trp),TYR,Pathogenic,"Tyrosinase-negative oculocutaneous albinism,SKIN/HAIR/EYE PIGMENTATION 3, LIGHT/DARK SKIN",Albinism Condition
61753187,Duplication,NM_000372.5(TYR):c.230_232dup (p.Arg77_Glu78insGly),TYR,Pathogenic/Likely pathogenic,"SKIN/HAIR/EYE PIGMENTATION 3, LIGHT/DARK SKIN",Albinism Condition
61753187,Duplication,NM_000372.5(TYR):c.230_232dup (p.Arg77_Glu78insGly),TYR,Pathogenic/Likely pathogenic,"SKIN/HAIR/EYE PIGMENTATION 3, LIGHT/DARK SKIN",Albinism Condition
61753188,single nucleotide variant,NM_000372.5(TYR):c.238T>C (p.Trp80Arg),TYR,Likely pathogenic,TYR-related condition,TYR-related condition
61753188,single nucleotide variant,NM_000372.5(TYR):c.238T>C (p.Trp80Arg),TYR,Likely pathogenic,TYR-related condition,TYR-related condition
61753253,single nucleotide variant,NM_000372.5(TYR):c.325G>A (p.Gly109Arg),TYR,Pathogenic/Likely pathogenic,"6 conditions,SKIN/HAIR/EYE PIGMENTATION 3, LIGHT/DARK SKIN",Albinism Condition
61753253,single nucleotide variant,NM_000372.5(TYR):c.325G>A (p.Gly109Arg),TYR,Pathogenic/Likely pathogenic,"6 conditions,SKIN/HAIR/EYE PIGMENTATION 3, LIGHT/DARK SKIN",Albinism Condition
61753254,Microsatellite,NM_000372.5(TYR):c.338_339del (p.Thr113fs),TYR,Pathogenic,Tyrosinase-negative oculocutaneous albinism,Albinism Condition
61753254,Microsatellite,NM_000372.5(TYR):c.338_339del (p.Thr113fs),TYR,Pathogenic,Tyrosinase-negative oculocutaneous albinism,Albinism Condition
61753255,Microsatellite,NM_000372.5(TYR):c.344_345del (p.Arg115fs),TYR,Pathogenic,"SKIN/HAIR/EYE PIGMENTATION 3, LIGHT/DARK SKIN",Albinism Condition
61753255,Microsatellite,NM_000372.5(TYR):c.344_345del (p.Arg115fs),TYR,Pathogenic,"SKIN/HAIR/EYE PIGMENTATION 3, LIGHT/DARK SKIN",Albinism Condition
61753256,single nucleotide variant,NM_000372.5(TYR):c.346C>T (p.Arg116Ter),TYR,Pathogenic,"Tyrosinase-negative oculocutaneous albinism,SKIN/HAIR/EYE PIGMENTATION 3, LIGHT/DARK SKIN;Tyrosinase-negative oculocutaneous albinism;Oculocutaneous albinism type 1B;Ocular albinism with congenital sensorineural hearing loss,SKIN/HAIR/EYE PIGMENTATION 3, LIGHT/DARK SKIN",Albinism Condition
61753256,single nucleotide variant,NM_000372.5(TYR):c.346C>T (p.Arg116Ter),TYR,Pathogenic,"Tyrosinase-negative oculocutaneous albinism,SKIN/HAIR/EYE PIGMENTATION 3, LIGHT/DARK SKIN;Tyrosinase-negative oculocutaneous albinism;Oculocutaneous albinism type 1B;Ocular albinism with congenital sensorineural hearing loss,SKIN/HAIR/EYE PIGMENTATION 3, LIGHT/DARK SKIN",Albinism Condition
61754361,Deletion,NM_000372.5(TYR):c.572del (p.Gly191fs),TYR,Pathogenic,"Tyrosinase-negative oculocutaneous albinism,SKIN/HAIR/EYE PIGMENTATION 3, LIGHT/DARK SKIN",Albinism Condition
61754361,Deletion,NM_000372.5(TYR):c.572del (p.Gly191fs),TYR,Pathogenic,"Tyrosinase-negative oculocutaneous albinism,SKIN/HAIR/EYE PIGMENTATION 3, LIGHT/DARK SKIN",Albinism Condition
61754362,single nucleotide variant,NM_000372.5(TYR):c.613C>A (p.Pro205Thr),TYR,Pathogenic/Likely pathogenic,"Tyrosinase-negative oculocutaneous albinism,SKIN/HAIR/EYE PIGMENTATION 3, LIGHT/DARK SKIN",Albinism Condition
61754362,single nucleotide variant,NM_000372.5(TYR):c.613C>A (p.Pro205Thr),TYR,Pathogenic/Likely pathogenic,"Tyrosinase-negative oculocutaneous albinism,SKIN/HAIR/EYE PIGMENTATION 3, LIGHT/DARK SKIN",Albinism Condition
61754364,Deletion,NM_000372.5(TYR):c.649del (p.Arg217fs),TYR,Pathogenic,"SKIN/HAIR/EYE PIGMENTATION 3, LIGHT/DARK SKIN",Albinism Condition
61754364,Deletion,NM_000372.5(TYR):c.649del (p.Arg217fs),TYR,Pathogenic,"SKIN/HAIR/EYE PIGMENTATION 3, LIGHT/DARK SKIN",Albinism Condition
61754365,single nucleotide variant,NM_000372.5(TYR):c.650G>A (p.Arg217Gln),TYR,Pathogenic/Likely pathogenic,"Tyrosinase-negative oculocutaneous albinism,Oculocutaneous albinism,SKIN/HAIR/EYE PIGMENTATION 3, LIGHT/DARK SKIN",Albinism Condition
61754365,single nucleotide variant,NM_000372.5(TYR):c.650G>A (p.Arg217Gln),TYR,Pathogenic/Likely pathogenic,"Tyrosinase-negative oculocutaneous albinism,Oculocutaneous albinism,SKIN/HAIR/EYE PIGMENTATION 3, LIGHT/DARK SKIN",Albinism Condition
61754369,single nucleotide variant,NM_000372.5(TYR):c.757G>A (p.Gly253Arg),TYR,Pathogenic/Likely pathogenic,"Tyrosinase-negative oculocutaneous albinism,SKIN/HAIR/EYE PIGMENTATION 3, LIGHT/DARK SKIN",Albinism Condition
61754369,single nucleotide variant,NM_000372.5(TYR):c.757G>A (p.Gly253Arg),TYR,Pathogenic/Likely pathogenic,"Tyrosinase-negative oculocutaneous albinism,SKIN/HAIR/EYE PIGMENTATION 3, LIGHT/DARK SKIN",Albinism Condition
61754371,single nucleotide variant,NM_000372.5(TYR):c.820-3C>G,TYR,Pathogenic/Likely pathogenic,"Tyrosinase-negative oculocutaneous albinism,SKIN/HAIR/EYE PIGMENTATION 3, LIGHT/DARK SKIN",Albinism Condition
61754371,single nucleotide variant,NM_000372.5(TYR):c.820-3C>G,TYR,Pathogenic/Likely pathogenic,"Tyrosinase-negative oculocutaneous albinism,SKIN/HAIR/EYE PIGMENTATION 3, LIGHT/DARK SKIN",Albinism Condition
62645904,single nucleotide variant,NM_000372.5(TYR):c.832C>T (p.Arg278Ter),TYR,Pathogenic,"Tyrosinase-negative oculocutaneous albinism,Nonsyndromic Oculocutaneous Albinism,Tyrosinase-negative oculocutaneous albinism;Oculocutaneous albinism type 1B;Ocular albinism with congenital sensorineural hearing loss;SKIN/HAIR/EYE PIGMENTATION 3, LIGHT/DARK SKIN,Oculocutaneous albinism,Tyrosinase-negative oculocutaneous albinism;Oculocutaneous albinism type 1B,TYR-related condition,SKIN/HAIR/EYE PIGMENTATION 3, LIGHT/DARK SKIN",Albinism Condition
62645904,single nucleotide variant,NM_000372.5(TYR):c.832C>T (p.Arg278Ter),TYR,Pathogenic,"Tyrosinase-negative oculocutaneous albinism,Nonsyndromic Oculocutaneous Albinism,Tyrosinase-negative oculocutaneous albinism;Oculocutaneous albinism type 1B;Ocular albinism with congenital sensorineural hearing loss;SKIN/HAIR/EYE PIGMENTATION 3, LIGHT/DARK SKIN,Oculocutaneous albinism,Tyrosinase-negative oculocutaneous albinism;Oculocutaneous albinism type 1B,TYR-related condition,SKIN/HAIR/EYE PIGMENTATION 3, LIGHT/DARK SKIN",Albinism Condition
61754372,single nucleotide variant,NM_000372.5(TYR):c.875C>T (p.Thr292Met),TYR,Uncertain significance,"Tyrosinase-negative oculocutaneous albinism;Oculocutaneous albinism type 1B;SKIN/HAIR/EYE PIGMENTATION 3, LIGHT/DARK SKIN",Albinism Condition
61754372,single nucleotide variant,NM_000372.5(TYR):c.875C>T (p.Thr292Met),TYR,Uncertain significance,"Tyrosinase-negative oculocutaneous albinism;Oculocutaneous albinism type 1B;SKIN/HAIR/EYE PIGMENTATION 3, LIGHT/DARK SKIN",Albinism Condition
61754374,single nucleotide variant,NM_000372.5(TYR):c.895C>A (p.Arg299Ser),TYR,Pathogenic,"Tyrosinase-negative oculocutaneous albinism,TYR-related condition,SKIN/HAIR/EYE PIGMENTATION 3, LIGHT/DARK SKIN",Albinism Condition
61754374,single nucleotide variant,NM_000372.5(TYR):c.895C>A (p.Arg299Ser),TYR,Pathogenic,"Tyrosinase-negative oculocutaneous albinism,TYR-related condition,SKIN/HAIR/EYE PIGMENTATION 3, LIGHT/DARK SKIN",Albinism Condition
367543067,single nucleotide variant,NM_000372.5(TYR):c.163T>G (p.Cys55Gly),TYR,not provided,Oculocutaneous albinism type 1B;Tyrosinase-negative oculocutaneous albinism,Albinism Condition
367543067,single nucleotide variant,NM_000372.5(TYR):c.163T>G (p.Cys55Gly),TYR,not provided,Oculocutaneous albinism type 1B;Tyrosinase-negative oculocutaneous albinism,Albinism Condition
367543066,single nucleotide variant,NM_000372.5(TYR):c.551C>G (p.Ser184Ter),TYR,Likely pathogenic,Oculocutaneous albinism type 1B;Tyrosinase-negative oculocutaneous albinism,Albinism Condition
367543066,single nucleotide variant,NM_000372.5(TYR):c.551C>G (p.Ser184Ter),TYR,Likely pathogenic,Oculocutaneous albinism type 1B;Tyrosinase-negative oculocutaneous albinism,Albinism Condition
367543068,single nucleotide variant,NM_000372.5(TYR):c.739T>C (p.Cys247Arg),TYR,Likely pathogenic,"Tyrosinase-negative oculocutaneous albinism;Oculocutaneous albinism type 1B,Tyrosinase-negative oculocutaneous albinism",Albinism Condition
367543068,single nucleotide variant,NM_000372.5(TYR):c.739T>C (p.Cys247Arg),TYR,Likely pathogenic,"Tyrosinase-negative oculocutaneous albinism;Oculocutaneous albinism type 1B,Tyrosinase-negative oculocutaneous albinism",Albinism Condition
796051880,single nucleotide variant,NM_000372.5(TYR):c.902C>T (p.Pro301Leu),TYR,Pathogenic/Likely pathogenic,Oculocutaneous albinism type 1,Albinism Condition
796051880,single nucleotide variant,NM_000372.5(TYR):c.902C>T (p.Pro301Leu),TYR,Pathogenic/Likely pathogenic,Oculocutaneous albinism type 1,Albinism Condition
180801021,single nucleotide variant,NM_000372.5(TYR):c.1067A>T (p.Asp356Val),TYR,Uncertain significance,"Tyrosinase-negative oculocutaneous albinism;Oculocutaneous albinism type 1B;SKIN/HAIR/EYE PIGMENTATION 3, LIGHT/DARK SKIN",Albinism Condition
180801021,single nucleotide variant,NM_000372.5(TYR):c.1067A>T (p.Asp356Val),TYR,Uncertain significance,"Tyrosinase-negative oculocutaneous albinism;Oculocutaneous albinism type 1B;SKIN/HAIR/EYE PIGMENTATION 3, LIGHT/DARK SKIN",Albinism Condition
797046082,single nucleotide variant,NM_000372.5(TYR):c.446A>G (p.Tyr149Cys),TYR,Pathogenic/Likely pathogenic,"Tyrosinase-negative oculocutaneous albinism,SKIN/HAIR/EYE PIGMENTATION 3, LIGHT/DARK SKIN",Albinism Condition
797046082,single nucleotide variant,NM_000372.5(TYR):c.446A>G (p.Tyr149Cys),TYR,Pathogenic/Likely pathogenic,"Tyrosinase-negative oculocutaneous albinism,SKIN/HAIR/EYE PIGMENTATION 3, LIGHT/DARK SKIN",Albinism Condition
797046083,single nucleotide variant,NM_000372.5(TYR):c.658C>T (p.Gln220Ter),TYR,Pathogenic,Tyrosinase-negative oculocutaneous albinism,Albinism Condition
797046083,single nucleotide variant,NM_000372.5(TYR):c.658C>T (p.Gln220Ter),TYR,Pathogenic,Tyrosinase-negative oculocutaneous albinism,Albinism Condition
758115945,single nucleotide variant,NM_000372.5(TYR):c.661G>A (p.Glu221Lys),TYR,Pathogenic/Likely pathogenic,Tyrosinase-negative oculocutaneous albinism,Albinism Condition
758115945,single nucleotide variant,NM_000372.5(TYR):c.661G>A (p.Glu221Lys),TYR,Pathogenic/Likely pathogenic,Tyrosinase-negative oculocutaneous albinism,Albinism Condition
61754380,single nucleotide variant,NM_000372.5(TYR):c.982G>A (p.Glu328Lys),TYR,Conflicting classifications of pathogenicity,Tyrosinase-negative oculocutaneous albinism,Albinism Condition
61754380,single nucleotide variant,NM_000372.5(TYR):c.982G>A (p.Glu328Lys),TYR,Conflicting classifications of pathogenicity,Tyrosinase-negative oculocutaneous albinism,Albinism Condition
151206295,single nucleotide variant,NM_000372.5(TYR):c.1064C>T (p.Ala355Val),TYR,Conflicting classifications of pathogenicity,"Tyrosinase-negative oculocutaneous albinism,Oculocutaneous albinism,SKIN/HAIR/EYE PIGMENTATION 3, LIGHT/DARK SKIN",Albinism Condition
151206295,single nucleotide variant,NM_000372.5(TYR):c.1064C>T (p.Ala355Val),TYR,Conflicting classifications of pathogenicity,"Tyrosinase-negative oculocutaneous albinism,Oculocutaneous albinism,SKIN/HAIR/EYE PIGMENTATION 3, LIGHT/DARK SKIN",Albinism Condition
797046081,single nucleotide variant,NM_000372.5(TYR):c.1234C>G (p.Pro412Ala),TYR,Conflicting classifications of pathogenicity,Tyrosinase-negative oculocutaneous albinism,Albinism Condition
797046081,single nucleotide variant,NM_000372.5(TYR):c.1234C>G (p.Pro412Ala),TYR,Conflicting classifications of pathogenicity,Tyrosinase-negative oculocutaneous albinism,Albinism Condition
797046132,Deletion,NM_000372.5(TYR):c.580del (p.Ile194fs),TYR,Pathogenic,Tyrosinase-negative oculocutaneous albinism,Albinism Condition
797046132,Deletion,NM_000372.5(TYR):c.580del (p.Ile194fs),TYR,Pathogenic,Tyrosinase-negative oculocutaneous albinism,Albinism Condition
1939261,single nucleotide variant,NM_000372.5(TYR):c.114G>A (p.Pro38=),TYR,Benign/Likely benign,Oculocutaneous albinism,Albinism Condition
1939261,single nucleotide variant,NM_000372.5(TYR):c.114G>A (p.Pro38=),TYR,Benign/Likely benign,Oculocutaneous albinism,Albinism Condition
1939260,single nucleotide variant,NM_000372.5(TYR):c.178C>T (p.Leu60=),TYR,Benign,Oculocutaneous albinism,Albinism Condition
1939260,single nucleotide variant,NM_000372.5(TYR):c.178C>T (p.Leu60=),TYR,Benign,Oculocutaneous albinism,Albinism Condition
148813091,single nucleotide variant,NM_000372.5(TYR):c.504C>T (p.Asn168=),TYR,Conflicting classifications of pathogenicity,"Oculocutaneous albinism,Tyrosinase-negative oculocutaneous albinism,TYR-related condition",Albinism Condition
148813091,single nucleotide variant,NM_000372.5(TYR):c.504C>T (p.Asn168=),TYR,Conflicting classifications of pathogenicity,"Oculocutaneous albinism,Tyrosinase-negative oculocutaneous albinism,TYR-related condition",Albinism Condition
755069000,single nucleotide variant,NM_000372.5(TYR):c.-37G>A,TYR,Uncertain significance,Oculocutaneous albinism,Albinism Condition
755069000,single nucleotide variant,NM_000372.5(TYR):c.-37G>A,TYR,Uncertain significance,Oculocutaneous albinism,Albinism Condition
748618759,single nucleotide variant,NM_000372.5(TYR):c.1270T>A (p.Ser424Thr),TYR,Uncertain significance,Oculocutaneous albinism,Albinism Condition
748618759,single nucleotide variant,NM_000372.5(TYR):c.1270T>A (p.Ser424Thr),TYR,Uncertain significance,Oculocutaneous albinism,Albinism Condition
532489606,single nucleotide variant,NM_000372.5(TYR):c.*230G>A,TYR,Uncertain significance,Oculocutaneous albinism,Albinism Condition
532489606,single nucleotide variant,NM_000372.5(TYR):c.*230G>A,TYR,Uncertain significance,Oculocutaneous albinism,Albinism Condition
886048745,single nucleotide variant,NM_000372.5(TYR):c.194T>C (p.Leu65Pro),TYR,Uncertain significance,Oculocutaneous albinism,Albinism Condition
886048745,single nucleotide variant,NM_000372.5(TYR):c.194T>C (p.Leu65Pro),TYR,Uncertain significance,Oculocutaneous albinism,Albinism Condition
886048744,single nucleotide variant,NM_000372.5(TYR):c.-41A>G,TYR,Uncertain significance,Oculocutaneous albinism,Albinism Condition
886048744,single nucleotide variant,NM_000372.5(TYR):c.-41A>G,TYR,Uncertain significance,Oculocutaneous albinism,Albinism Condition
370798325,single nucleotide variant,NM_000372.5(TYR):c.191C>T (p.Pro64Leu),TYR,Uncertain significance,Oculocutaneous albinism,Albinism Condition
370798325,single nucleotide variant,NM_000372.5(TYR):c.191C>T (p.Pro64Leu),TYR,Uncertain significance,Oculocutaneous albinism,Albinism Condition
1057518763,Duplication,NM_000372.5(TYR):c.74dup (p.Ser26fs),TYR,Pathogenic,"Ocular albinism,Tyrosinase-negative oculocutaneous albinism",Albinism Condition
1057518763,Duplication,NM_000372.5(TYR):c.74dup (p.Ser26fs),TYR,Pathogenic,"Ocular albinism,Tyrosinase-negative oculocutaneous albinism",Albinism Condition
540911439,single nucleotide variant,NM_000372.5(TYR):c.976C>T (p.Gln326Ter),TYR,Pathogenic,"Tyrosinase-negative oculocutaneous albinism,Oculocutaneous albinism type 1B,SKIN/HAIR/EYE PIGMENTATION 3, LIGHT/DARK SKIN",Albinism Condition
540911439,single nucleotide variant,NM_000372.5(TYR):c.976C>T (p.Gln326Ter),TYR,Pathogenic,"Tyrosinase-negative oculocutaneous albinism,Oculocutaneous albinism type 1B,SKIN/HAIR/EYE PIGMENTATION 3, LIGHT/DARK SKIN",Albinism Condition
142170797,single nucleotide variant,NM_000372.5(TYR):c.915C>A (p.Asp305Glu),TYR,Conflicting classifications of pathogenicity,"Tyrosinase-negative oculocutaneous albinism;Oculocutaneous albinism type 1B;Ocular albinism with congenital sensorineural hearing loss;SKIN/HAIR/EYE PIGMENTATION 3, LIGHT/DARK SKIN,Tyrosinase-negative oculocutaneous albinism,Oculocutaneous albinism",Albinism Condition
142170797,single nucleotide variant,NM_000372.5(TYR):c.915C>A (p.Asp305Glu),TYR,Conflicting classifications of pathogenicity,"Tyrosinase-negative oculocutaneous albinism;Oculocutaneous albinism type 1B;Ocular albinism with congenital sensorineural hearing loss;SKIN/HAIR/EYE PIGMENTATION 3, LIGHT/DARK SKIN,Tyrosinase-negative oculocutaneous albinism,Oculocutaneous albinism",Albinism Condition
1555083355,single nucleotide variant,NM_000372.5(TYR):c.101A>C (p.Glu34Ala),TYR,Likely pathogenic,Tyrosinase-negative oculocutaneous albinism,Albinism Condition
1555083355,single nucleotide variant,NM_000372.5(TYR):c.101A>C (p.Glu34Ala),TYR,Likely pathogenic,Tyrosinase-negative oculocutaneous albinism,Albinism Condition
747095957,single nucleotide variant,NM_000372.5(TYR):c.452T>G (p.Ile151Ser),TYR,Likely pathogenic,Tyrosinase-negative oculocutaneous albinism,Albinism Condition
747095957,single nucleotide variant,NM_000372.5(TYR):c.452T>G (p.Ile151Ser),TYR,Likely pathogenic,Tyrosinase-negative oculocutaneous albinism,Albinism Condition
377209424,single nucleotide variant,NM_000372.5(TYR):c.635G>A (p.Arg212Lys),TYR,Pathogenic/Likely pathogenic,"Tyrosinase-negative oculocutaneous albinism,SKIN/HAIR/EYE PIGMENTATION 3, LIGHT/DARK SKIN",Albinism Condition
377209424,single nucleotide variant,NM_000372.5(TYR):c.635G>A (p.Arg212Lys),TYR,Pathogenic/Likely pathogenic,"Tyrosinase-negative oculocutaneous albinism,SKIN/HAIR/EYE PIGMENTATION 3, LIGHT/DARK SKIN",Albinism Condition
765329261,single nucleotide variant,NM_000372.5(TYR):c.753C>A (p.Tyr251Ter),TYR,Pathogenic,Tyrosinase-negative oculocutaneous albinism,Albinism Condition
765329261,single nucleotide variant,NM_000372.5(TYR):c.753C>A (p.Tyr251Ter),TYR,Pathogenic,Tyrosinase-negative oculocutaneous albinism,Albinism Condition
4987234,single nucleotide variant,NM_000372.5(TYR):c.835T>C (p.Leu279=),TYR,Benign/Likely benign,"Oculocutaneous albinism,TYR-related condition",Albinism Condition
4987234,single nucleotide variant,NM_000372.5(TYR):c.835T>C (p.Leu279=),TYR,Benign/Likely benign,"Oculocutaneous albinism,TYR-related condition",Albinism Condition
142629239,single nucleotide variant,NM_000372.5(TYR):c.841G>A (p.Glu281Lys),TYR,Uncertain significance,TYR-related condition,TYR-related condition
142629239,single nucleotide variant,NM_000372.5(TYR):c.841G>A (p.Glu281Lys),TYR,Uncertain significance,TYR-related condition,TYR-related condition
757754120,single nucleotide variant,NM_000372.5(TYR):c.880G>A (p.Glu294Lys),TYR,Pathogenic/Likely pathogenic,"Tyrosinase-negative oculocutaneous albinism,SKIN/HAIR/EYE PIGMENTATION 3, LIGHT/DARK SKIN",Albinism Condition
757754120,single nucleotide variant,NM_000372.5(TYR):c.880G>A (p.Glu294Lys),TYR,Pathogenic/Likely pathogenic,"Tyrosinase-negative oculocutaneous albinism,SKIN/HAIR/EYE PIGMENTATION 3, LIGHT/DARK SKIN",Albinism Condition
1013801316,single nucleotide variant,NM_000372.5(TYR):c.1036G>T (p.Gly346Ter),TYR,Pathogenic/Likely pathogenic,"Tyrosinase-negative oculocutaneous albinism,Oculocutaneous albinism type 1",Albinism Condition
1013801316,single nucleotide variant,NM_000372.5(TYR):c.1036G>T (p.Gly346Ter),TYR,Pathogenic/Likely pathogenic,"Tyrosinase-negative oculocutaneous albinism,Oculocutaneous albinism type 1",Albinism Condition
773970123,single nucleotide variant,NM_000372.5(TYR):c.1037G>T (p.Gly346Val),TYR,Pathogenic,"Abnormality of the eye,SKIN/HAIR/EYE PIGMENTATION 3, LIGHT/DARK SKIN,Tyrosinase-negative oculocutaneous albinism",Albinism Condition
773970123,single nucleotide variant,NM_000372.5(TYR):c.1037G>T (p.Gly346Val),TYR,Pathogenic,"Abnormality of the eye,SKIN/HAIR/EYE PIGMENTATION 3, LIGHT/DARK SKIN,Tyrosinase-negative oculocutaneous albinism",Albinism Condition
749979474,single nucleotide variant,NM_000372.5(TYR):c.1264C>T (p.Arg422Trp),TYR,Pathogenic/Likely pathogenic,"Albinism,Tyrosinase-negative oculocutaneous albinism,SKIN/HAIR/EYE PIGMENTATION 3, LIGHT/DARK SKIN",Albinism Condition
749979474,single nucleotide variant,NM_000372.5(TYR):c.1264C>T (p.Arg422Trp),TYR,Pathogenic/Likely pathogenic,"Albinism,Tyrosinase-negative oculocutaneous albinism,SKIN/HAIR/EYE PIGMENTATION 3, LIGHT/DARK SKIN",Albinism Condition
1482829698,single nucleotide variant,NM_000372.5(TYR):c.307T>C (p.Cys103Arg),TYR,Pathogenic/Likely pathogenic,Oculocutaneous albinism,Albinism Condition
1482829698,single nucleotide variant,NM_000372.5(TYR):c.307T>C (p.Cys103Arg),TYR,Pathogenic/Likely pathogenic,Oculocutaneous albinism,Albinism Condition
775683960,single nucleotide variant,NM_000372.5(TYR):c.116G>A (p.Trp39Ter),TYR,Pathogenic/Likely pathogenic,Tyrosinase-negative oculocutaneous albinism,Albinism Condition
775683960,single nucleotide variant,NM_000372.5(TYR):c.116G>A (p.Trp39Ter),TYR,Pathogenic/Likely pathogenic,Tyrosinase-negative oculocutaneous albinism,Albinism Condition
747995722,single nucleotide variant,NM_000372.5(TYR):c.655G>A (p.Glu219Lys),TYR,Pathogenic,"Tyrosinase-negative oculocutaneous albinism,SKIN/HAIR/EYE PIGMENTATION 3, LIGHT/DARK SKIN",Albinism Condition
747995722,single nucleotide variant,NM_000372.5(TYR):c.655G>A (p.Glu219Lys),TYR,Pathogenic,"Tyrosinase-negative oculocutaneous albinism,SKIN/HAIR/EYE PIGMENTATION 3, LIGHT/DARK SKIN",Albinism Condition
1555100853,Duplication,NM_000372.5(TYR):c.1392dup (p.Lys465Ter),TYR,Likely pathogenic,"Oculocutaneous albinism type 1B;Tyrosinase-negative oculocutaneous albinism;SKIN/HAIR/EYE PIGMENTATION 3, LIGHT/DARK SKIN",Albinism Condition
1555100853,Duplication,NM_000372.5(TYR):c.1392dup (p.Lys465Ter),TYR,Likely pathogenic,"Oculocutaneous albinism type 1B;Tyrosinase-negative oculocutaneous albinism;SKIN/HAIR/EYE PIGMENTATION 3, LIGHT/DARK SKIN",Albinism Condition
3913543,single nucleotide variant,NM_000372.5(TYR):c.1446G>C (p.Ala482=),TYR,Uncertain significance,"Oculocutaneous albinism,Tyrosinase-negative oculocutaneous albinism",Albinism Condition
3913543,single nucleotide variant,NM_000372.5(TYR):c.1446G>C (p.Ala482=),TYR,Uncertain significance,"Oculocutaneous albinism,Tyrosinase-negative oculocutaneous albinism",Albinism Condition
34878847,single nucleotide variant,NM_000372.5(TYR):c.665T>C (p.Ile222Thr),TYR,Conflicting classifications of pathogenicity,"Oculocutaneous albinism,Tyrosinase-negative oculocutaneous albinism",Albinism Condition
34878847,single nucleotide variant,NM_000372.5(TYR):c.665T>C (p.Ile222Thr),TYR,Conflicting classifications of pathogenicity,"Oculocutaneous albinism,Tyrosinase-negative oculocutaneous albinism",Albinism Condition
1402167763,Deletion,NM_000372.5(TYR):c.1424_1433del (p.Trp475fs),TYR,Pathogenic/Likely pathogenic,TYR-related condition,TYR-related condition
1402167763,Deletion,NM_000372.5(TYR):c.1424_1433del (p.Trp475fs),TYR,Pathogenic/Likely pathogenic,TYR-related condition,TYR-related condition
376823382,single nucleotide variant,NM_000372.5(TYR):c.1352A>G (p.Tyr451Cys),TYR,Pathogenic/Likely pathogenic,"8 conditions,Tyrosinase-negative oculocutaneous albinism,Oculocutaneous albinism type 1B",Albinism Condition
376823382,single nucleotide variant,NM_000372.5(TYR):c.1352A>G (p.Tyr451Cys),TYR,Pathogenic/Likely pathogenic,"8 conditions,Tyrosinase-negative oculocutaneous albinism,Oculocutaneous albinism type 1B",Albinism Condition
1565386582,Indel,NM_000372.5(TYR):c.387_389delinsGG (p.Glu130fs),TYR,Pathogenic,Tyrosinase-negative oculocutaneous albinism,Albinism Condition
1565386582,Indel,NM_000372.5(TYR):c.387_389delinsGG (p.Glu130fs),TYR,Pathogenic,Tyrosinase-negative oculocutaneous albinism,Albinism Condition
1031268531,single nucleotide variant,NM_000372.5(TYR):c.980A>G (p.Tyr327Cys),TYR,Conflicting classifications of pathogenicity,"Tyrosinase-negative oculocutaneous albinism,Oculocutaneous albinism",Albinism Condition
1031268531,single nucleotide variant,NM_000372.5(TYR):c.980A>G (p.Tyr327Cys),TYR,Conflicting classifications of pathogenicity,"Tyrosinase-negative oculocutaneous albinism,Oculocutaneous albinism",Albinism Condition
1565423674,Deletion,NM_000372.5(TYR):c.1267del (p.Glu423fs),TYR,Pathogenic,Tyrosinase-negative oculocutaneous albinism,Albinism Condition
1565423674,Deletion,NM_000372.5(TYR):c.1267del (p.Glu423fs),TYR,Pathogenic,Tyrosinase-negative oculocutaneous albinism,Albinism Condition
141967840,single nucleotide variant,NM_000372.5(TYR):c.1161T>C (p.Leu387=),TYR,Conflicting classifications of pathogenicity,"Oculocutaneous albinism,Tyrosinase-negative oculocutaneous albinism",Albinism Condition
141967840,single nucleotide variant,NM_000372.5(TYR):c.1161T>C (p.Leu387=),TYR,Conflicting classifications of pathogenicity,"Oculocutaneous albinism,Tyrosinase-negative oculocutaneous albinism",Albinism Condition
748901196,single nucleotide variant,NM_000372.5(TYR):c.1037-2A>G,TYR,Pathogenic,Tyrosinase-negative oculocutaneous albinism,Albinism Condition
748901196,single nucleotide variant,NM_000372.5(TYR):c.1037-2A>G,TYR,Pathogenic,Tyrosinase-negative oculocutaneous albinism,Albinism Condition
28940879,single nucleotide variant,NM_000372.5(TYR):c.164G>C (p.Cys55Ser),TYR,Conflicting classifications of pathogenicity,"Nonsyndromic Oculocutaneous Albinism,Tyrosinase-negative oculocutaneous albinism",Albinism Condition
28940879,single nucleotide variant,NM_000372.5(TYR):c.164G>C (p.Cys55Ser),TYR,Conflicting classifications of pathogenicity,"Nonsyndromic Oculocutaneous Albinism,Tyrosinase-negative oculocutaneous albinism",Albinism Condition
1565386425,single nucleotide variant,NM_000372.5(TYR):c.223G>T (p.Asp75Tyr),TYR,Likely pathogenic,Nonsyndromic Oculocutaneous Albinism,Nonsyndromic Oculocutaneous Albinism
1565386425,single nucleotide variant,NM_000372.5(TYR):c.223G>T (p.Asp75Tyr),TYR,Likely pathogenic,Nonsyndromic Oculocutaneous Albinism,Nonsyndromic Oculocutaneous Albinism
147574809,single nucleotide variant,NM_000372.5(TYR):c.585G>A (p.Trp195Ter),TYR,Likely pathogenic,Nonsyndromic Oculocutaneous Albinism,Nonsyndromic Oculocutaneous Albinism
147574809,single nucleotide variant,NM_000372.5(TYR):c.585G>A (p.Trp195Ter),TYR,Likely pathogenic,Nonsyndromic Oculocutaneous Albinism,Nonsyndromic Oculocutaneous Albinism
1565391977,Deletion,NM_000372.5(TYR):c.943_948del (p.Ser315_Ala316del),TYR,Likely pathogenic,Nonsyndromic Oculocutaneous Albinism,Nonsyndromic Oculocutaneous Albinism
1565391977,Deletion,NM_000372.5(TYR):c.943_948del (p.Ser315_Ala316del),TYR,Likely pathogenic,Nonsyndromic Oculocutaneous Albinism,Nonsyndromic Oculocutaneous Albinism
781052288,single nucleotide variant,NM_000372.5(TYR):c.1037-18T>G,TYR,Likely pathogenic,Nonsyndromic Oculocutaneous Albinism,Nonsyndromic Oculocutaneous Albinism
781052288,single nucleotide variant,NM_000372.5(TYR):c.1037-18T>G,TYR,Likely pathogenic,Nonsyndromic Oculocutaneous Albinism,Nonsyndromic Oculocutaneous Albinism
773970123,single nucleotide variant,NM_000372.5(TYR):c.1037G>A (p.Gly346Glu),TYR,Pathogenic/Likely pathogenic,"Nonsyndromic Oculocutaneous Albinism,Tyrosinase-negative oculocutaneous albinism;Oculocutaneous albinism type 1B,Abnormality of the skin,Oculocutaneous albinism,SKIN/HAIR/EYE PIGMENTATION 3, LIGHT/DARK SKIN",Albinism Condition
773970123,single nucleotide variant,NM_000372.5(TYR):c.1037G>A (p.Gly346Glu),TYR,Pathogenic/Likely pathogenic,"Nonsyndromic Oculocutaneous Albinism,Tyrosinase-negative oculocutaneous albinism;Oculocutaneous albinism type 1B,Abnormality of the skin,Oculocutaneous albinism,SKIN/HAIR/EYE PIGMENTATION 3, LIGHT/DARK SKIN",Albinism Condition
758119014,single nucleotide variant,NM_000372.5(TYR):c.1184+2T>C,TYR,Likely pathogenic,Nonsyndromic Oculocutaneous Albinism,Nonsyndromic Oculocutaneous Albinism
758119014,single nucleotide variant,NM_000372.5(TYR):c.1184+2T>C,TYR,Likely pathogenic,Nonsyndromic Oculocutaneous Albinism,Nonsyndromic Oculocutaneous Albinism
1565386964,single nucleotide variant,NM_000372.5(TYR):c.714G>A (p.Trp238Ter),TYR,Pathogenic,Tyrosinase-negative oculocutaneous albinism,Albinism Condition
1565386964,single nucleotide variant,NM_000372.5(TYR):c.714G>A (p.Trp238Ter),TYR,Pathogenic,Tyrosinase-negative oculocutaneous albinism,Albinism Condition
1207709557,single nucleotide variant,NM_000372.5(TYR):c.1110G>A (p.Met370Ile),TYR,Pathogenic,Tyrosinase-negative oculocutaneous albinism,Albinism Condition
1207709557,single nucleotide variant,NM_000372.5(TYR):c.1110G>A (p.Met370Ile),TYR,Pathogenic,Tyrosinase-negative oculocutaneous albinism,Albinism Condition
1591133731,single nucleotide variant,NM_000372.5(TYR):c.157G>T (p.Gly53Cys),TYR,Pathogenic,Tyrosinase-negative oculocutaneous albinism,Albinism Condition
1591133731,single nucleotide variant,NM_000372.5(TYR):c.157G>T (p.Gly53Cys),TYR,Pathogenic,Tyrosinase-negative oculocutaneous albinism,Albinism Condition
138487695,single nucleotide variant,NM_000372.5(TYR):c.529G>C (p.Val177Leu),TYR,Likely pathogenic,Tyrosinase-negative oculocutaneous albinism,Albinism Condition
138487695,single nucleotide variant,NM_000372.5(TYR):c.529G>C (p.Val177Leu),TYR,Likely pathogenic,Tyrosinase-negative oculocutaneous albinism,Albinism Condition
1590902150,single nucleotide variant,NM_000372.5(TYR):c.1198T>A (p.Trp400Arg),TYR,Likely pathogenic,Tyrosinase-negative oculocutaneous albinism,Albinism Condition
1590902150,single nucleotide variant,NM_000372.5(TYR):c.1198T>A (p.Trp400Arg),TYR,Likely pathogenic,Tyrosinase-negative oculocutaneous albinism,Albinism Condition
1590902378,single nucleotide variant,NM_000372.5(TYR):c.1275C>G (p.Tyr425Ter),TYR,Likely pathogenic,Tyrosinase-negative oculocutaneous albinism,Albinism Condition
1590902378,single nucleotide variant,NM_000372.5(TYR):c.1275C>G (p.Tyr425Ter),TYR,Likely pathogenic,Tyrosinase-negative oculocutaneous albinism,Albinism Condition
-1,Deletion,NC_000011.9:g.(88911941_88911969)_(88961139_89017940)del,TYR,Pathogenic,Tyrosinase-negative oculocutaneous albinism,Albinism Condition
-1,Deletion,NC_000011.9:g.(88911941_88911969)_(88961139_89017940)del,TYR,Pathogenic,Tyrosinase-negative oculocutaneous albinism,Albinism Condition
138817690,single nucleotide variant,NM_000372.5(TYR):c.705T>G (p.Tyr235Ter),TYR,Uncertain significance,Oculocutaneous albinism,Albinism Condition
138817690,single nucleotide variant,NM_000372.5(TYR):c.705T>G (p.Tyr235Ter),TYR,Uncertain significance,Oculocutaneous albinism,Albinism Condition
1590909462,Deletion,NM_000372.5(TYR):c.1456del (p.Ala486fs),TYR,Pathogenic,Tyrosinase-negative oculocutaneous albinism,Albinism Condition
1590909462,Deletion,NM_000372.5(TYR):c.1456del (p.Ala486fs),TYR,Pathogenic,Tyrosinase-negative oculocutaneous albinism,Albinism Condition
369291837,single nucleotide variant,NM_000372.5(TYR):c.121G>A (p.Gly41Arg),TYR,Likely pathogenic,Tyrosinase-negative oculocutaneous albinism;Oculocutaneous albinism type 1B,Albinism Condition
369291837,single nucleotide variant,NM_000372.5(TYR):c.121G>A (p.Gly41Arg),TYR,Likely pathogenic,Tyrosinase-negative oculocutaneous albinism;Oculocutaneous albinism type 1B,Albinism Condition
372123800,single nucleotide variant,NM_000372.5(TYR):c.573A>G (p.Gly191=),TYR,Conflicting classifications of pathogenicity,"Oculocutaneous albinism,Tyrosinase-negative oculocutaneous albinism",Albinism Condition
372123800,single nucleotide variant,NM_000372.5(TYR):c.573A>G (p.Gly191=),TYR,Conflicting classifications of pathogenicity,"Oculocutaneous albinism,Tyrosinase-negative oculocutaneous albinism",Albinism Condition
1413017181,Deletion,NM_000372.5(TYR):c.391_393del (p.Lys131del),TYR,Conflicting classifications of pathogenicity,"Oculocutaneous albinism type 1B,Tyrosinase-negative oculocutaneous albinism",Albinism Condition
1413017181,Deletion,NM_000372.5(TYR):c.391_393del (p.Lys131del),TYR,Conflicting classifications of pathogenicity,"Oculocutaneous albinism type 1B,Tyrosinase-negative oculocutaneous albinism",Albinism Condition
1289685376,single nucleotide variant,NM_000372.5(TYR):c.1185-2A>G,TYR,Pathogenic,"Oculocutaneous albinism type 1B,Tyrosinase-negative oculocutaneous albinism",Albinism Condition
1289685376,single nucleotide variant,NM_000372.5(TYR):c.1185-2A>G,TYR,Pathogenic,"Oculocutaneous albinism type 1B,Tyrosinase-negative oculocutaneous albinism",Albinism Condition
1373014646,single nucleotide variant,NM_000372.5(TYR):c.67G>A (p.Ala23Thr),TYR,Uncertain significance,Oculocutaneous albinism,Albinism Condition
1373014646,single nucleotide variant,NM_000372.5(TYR):c.67G>A (p.Ala23Thr),TYR,Uncertain significance,Oculocutaneous albinism,Albinism Condition
145513733,single nucleotide variant,NM_000372.5(TYR):c.454C>T (p.Pro152Ser),TYR,Conflicting classifications of pathogenicity,Oculocutaneous albinism,Albinism Condition
145513733,single nucleotide variant,NM_000372.5(TYR):c.454C>T (p.Pro152Ser),TYR,Conflicting classifications of pathogenicity,Oculocutaneous albinism,Albinism Condition
920624553,single nucleotide variant,NM_000372.5(TYR):c.464C>T (p.Thr155Ile),TYR,Uncertain significance,Oculocutaneous albinism,Albinism Condition
920624553,single nucleotide variant,NM_000372.5(TYR):c.464C>T (p.Thr155Ile),TYR,Uncertain significance,Oculocutaneous albinism,Albinism Condition
753384336,single nucleotide variant,NM_000372.5(TYR):c.833G>A (p.Arg278Gln),TYR,Uncertain significance,Oculocutaneous albinism,Albinism Condition
753384336,single nucleotide variant,NM_000372.5(TYR):c.833G>A (p.Arg278Gln),TYR,Uncertain significance,Oculocutaneous albinism,Albinism Condition
1311286117,single nucleotide variant,NM_000372.5(TYR):c.978A>G (p.Gln326=),TYR,Conflicting classifications of pathogenicity,Oculocutaneous albinism,Albinism Condition
1311286117,single nucleotide variant,NM_000372.5(TYR):c.978A>G (p.Gln326=),TYR,Conflicting classifications of pathogenicity,Oculocutaneous albinism,Albinism Condition
771720319,single nucleotide variant,NM_000372.5(TYR):c.1044T>C (p.Ala348=),TYR,Conflicting classifications of pathogenicity,Oculocutaneous albinism,Albinism Condition
771720319,single nucleotide variant,NM_000372.5(TYR):c.1044T>C (p.Ala348=),TYR,Conflicting classifications of pathogenicity,Oculocutaneous albinism,Albinism Condition
1800421,single nucleotide variant,NM_000372.5(TYR):c.1065G>A (p.Ala355=),TYR,Conflicting classifications of pathogenicity,Oculocutaneous albinism,Albinism Condition
1800421,single nucleotide variant,NM_000372.5(TYR):c.1065G>A (p.Ala355=),TYR,Conflicting classifications of pathogenicity,Oculocutaneous albinism,Albinism Condition
772173320,single nucleotide variant,NM_000372.5(TYR):c.1214G>A (p.Arg405His),TYR,Conflicting classifications of pathogenicity,"Oculocutaneous albinism,Inborn genetic diseases",Albinism Condition
772173320,single nucleotide variant,NM_000372.5(TYR):c.1214G>A (p.Arg405His),TYR,Conflicting classifications of pathogenicity,"Oculocutaneous albinism,Inborn genetic diseases",Albinism Condition
199717334,single nucleotide variant,NM_000372.5(TYR):c.1307G>C (p.Gly436Ala),TYR,Uncertain significance,Oculocutaneous albinism,Albinism Condition
199717334,single nucleotide variant,NM_000372.5(TYR):c.1307G>C (p.Gly436Ala),TYR,Uncertain significance,Oculocutaneous albinism,Albinism Condition
1944893007,single nucleotide variant,NM_000372.5(TYR):c.1396T>G (p.Ser466Ala),TYR,Uncertain significance,Oculocutaneous albinism,Albinism Condition
1944893007,single nucleotide variant,NM_000372.5(TYR):c.1396T>G (p.Ser466Ala),TYR,Uncertain significance,Oculocutaneous albinism,Albinism Condition
777090253,single nucleotide variant,NM_000372.5(TYR):c.1525G>A (p.Glu509Lys),TYR,Uncertain significance,Oculocutaneous albinism,Albinism Condition
777090253,single nucleotide variant,NM_000372.5(TYR):c.1525G>A (p.Glu509Lys),TYR,Uncertain significance,Oculocutaneous albinism,Albinism Condition
-1,copy number loss,GRCh37/hg19 11q14.3(chr11:88960991-88961138)x160,TYR,Pathogenic,Oculocutaneous albinism type 1B,Albinism Condition
139091458,single nucleotide variant,NM_000372.5(TYR):c.1101C>A (p.His367Gln),TYR,Likely pathogenic,"Tyrosinase-negative oculocutaneous albinism,SKIN/HAIR/EYE PIGMENTATION 3, LIGHT/DARK SKIN",Albinism Condition
139091458,single nucleotide variant,NM_000372.5(TYR):c.1101C>A (p.His367Gln),TYR,Likely pathogenic,"Tyrosinase-negative oculocutaneous albinism,SKIN/HAIR/EYE PIGMENTATION 3, LIGHT/DARK SKIN",Albinism Condition
1943996205,Deletion,NM_000372.5(TYR):c.1056del (p.Gly353_Ile354insTer),TYR,Pathogenic,Oculocutaneous albinism type 1B,Albinism Condition
1943996205,Deletion,NM_000372.5(TYR):c.1056del (p.Gly353_Ile354insTer),TYR,Pathogenic,Oculocutaneous albinism type 1B,Albinism Condition
755700581,single nucleotide variant,NM_000372.5(TYR):c.132T>A (p.Ser44Arg),TYR,Pathogenic,Tyrosinase-negative oculocutaneous albinism,Albinism Condition
755700581,single nucleotide variant,NM_000372.5(TYR):c.132T>A (p.Ser44Arg),TYR,Pathogenic,Tyrosinase-negative oculocutaneous albinism,Albinism Condition
763715899,single nucleotide variant,NM_000372.5(TYR):c.1036+1G>A,TYR,Pathogenic/Likely pathogenic,"Tyrosinase-negative oculocutaneous albinism,SKIN/HAIR/EYE PIGMENTATION 3, LIGHT/DARK SKIN",Albinism Condition
763715899,single nucleotide variant,NM_000372.5(TYR):c.1036+1G>A,TYR,Pathogenic/Likely pathogenic,"Tyrosinase-negative oculocutaneous albinism,SKIN/HAIR/EYE PIGMENTATION 3, LIGHT/DARK SKIN",Albinism Condition
2135253415,single nucleotide variant,NM_000372.5(TYR):c.996G>A (p.Met332Ile),TYR,Pathogenic/Likely pathogenic,"Abnormality of the skin,Tyrosinase-negative oculocutaneous albinism,SKIN/HAIR/EYE PIGMENTATION 3, LIGHT/DARK SKIN",Albinism Condition
2135253415,single nucleotide variant,NM_000372.5(TYR):c.996G>A (p.Met332Ile),TYR,Pathogenic/Likely pathogenic,"Abnormality of the skin,Tyrosinase-negative oculocutaneous albinism,SKIN/HAIR/EYE PIGMENTATION 3, LIGHT/DARK SKIN",Albinism Condition
61754374,single nucleotide variant,NM_000372.5(TYR):c.895C>T (p.Arg299Cys),TYR,Pathogenic,"SKIN/HAIR/EYE PIGMENTATION 3, LIGHT/DARK SKIN",Albinism Condition
61754374,single nucleotide variant,NM_000372.5(TYR):c.895C>T (p.Arg299Cys),TYR,Pathogenic,"SKIN/HAIR/EYE PIGMENTATION 3, LIGHT/DARK SKIN",Albinism Condition
61753181,single nucleotide variant,NM_000372.5(TYR):c.149C>T (p.Ser50Leu),TYR,Uncertain significance,TYR-related condition,TYR-related condition
61753181,single nucleotide variant,NM_000372.5(TYR):c.149C>T (p.Ser50Leu),TYR,Uncertain significance,TYR-related condition,TYR-related condition
2135253148,Duplication,NM_000372.5(TYR):c.859dup (p.Ser287fs),TYR,Pathogenic,Tyrosinase-negative oculocutaneous albinism,Albinism Condition
2135253148,Duplication,NM_000372.5(TYR):c.859dup (p.Ser287fs),TYR,Pathogenic,Tyrosinase-negative oculocutaneous albinism,Albinism Condition
1943262190,single nucleotide variant,NM_000372.5(TYR):c.755T>G (p.Met252Arg),TYR,Conflicting classifications of pathogenicity,Tyrosinase-negative oculocutaneous albinism,Albinism Condition
1943262190,single nucleotide variant,NM_000372.5(TYR):c.755T>G (p.Met252Arg),TYR,Conflicting classifications of pathogenicity,Tyrosinase-negative oculocutaneous albinism,Albinism Condition
2135281765,single nucleotide variant,NM_000372.5(TYR):c.1039T>C (p.Phe347Leu),TYR,Likely pathogenic,Tyrosinase-negative oculocutaneous albinism,Albinism Condition
2135281765,single nucleotide variant,NM_000372.5(TYR):c.1039T>C (p.Phe347Leu),TYR,Likely pathogenic,Tyrosinase-negative oculocutaneous albinism,Albinism Condition
774670098,single nucleotide variant,NM_000372.5(TYR):c.715C>T (p.Arg239Trp),TYR,Pathogenic,"SKIN/HAIR/EYE PIGMENTATION 3, LIGHT/DARK SKIN",Albinism Condition
774670098,single nucleotide variant,NM_000372.5(TYR):c.715C>T (p.Arg239Trp),TYR,Pathogenic,"SKIN/HAIR/EYE PIGMENTATION 3, LIGHT/DARK SKIN",Albinism Condition
571810545,single nucleotide variant,NM_000372.5(TYR):c.530T>A (p.Val177Asp),TYR,Likely pathogenic,"SKIN/HAIR/EYE PIGMENTATION 3, LIGHT/DARK SKIN",Albinism Condition
571810545,single nucleotide variant,NM_000372.5(TYR):c.530T>A (p.Val177Asp),TYR,Likely pathogenic,"SKIN/HAIR/EYE PIGMENTATION 3, LIGHT/DARK SKIN",Albinism Condition
138750983,single nucleotide variant,NM_000372.5(TYR):c.1509G>C (p.Lys503Asn),TYR,Uncertain significance,"SKIN/HAIR/EYE PIGMENTATION 3, LIGHT/DARK SKIN;Tyrosinase-negative oculocutaneous albinism;Oculocutaneous albinism type 1B",Albinism Condition
138750983,single nucleotide variant,NM_000372.5(TYR):c.1509G>C (p.Lys503Asn),TYR,Uncertain significance,"SKIN/HAIR/EYE PIGMENTATION 3, LIGHT/DARK SKIN;Tyrosinase-negative oculocutaneous albinism;Oculocutaneous albinism type 1B",Albinism Condition
767003400,Deletion,NM_000372.5(TYR):c.221_222del (p.Val74fs),TYR,Pathogenic,"SKIN/HAIR/EYE PIGMENTATION 3, LIGHT/DARK SKIN",Albinism Condition
767003400,Deletion,NM_000372.5(TYR):c.221_222del (p.Val74fs),TYR,Pathogenic,"SKIN/HAIR/EYE PIGMENTATION 3, LIGHT/DARK SKIN",Albinism Condition
2135324201,single nucleotide variant,NM_000372.5(TYR):c.1202T>C (p.Leu401Pro),TYR,Uncertain significance,Tyrosinase-negative oculocutaneous albinism,Albinism Condition
2135324201,single nucleotide variant,NM_000372.5(TYR):c.1202T>C (p.Leu401Pro),TYR,Uncertain significance,Tyrosinase-negative oculocutaneous albinism,Albinism Condition
1591133731,single nucleotide variant,NM_000372.5(TYR):c.157G>C (p.Gly53Arg),TYR,Conflicting classifications of pathogenicity,Tyrosinase-negative oculocutaneous albinism,Albinism Condition
1591133731,single nucleotide variant,NM_000372.5(TYR):c.157G>C (p.Gly53Arg),TYR,Conflicting classifications of pathogenicity,Tyrosinase-negative oculocutaneous albinism,Albinism Condition
369610829,single nucleotide variant,NM_000372.5(TYR):c.1366+1G>T,TYR,Pathogenic/Likely pathogenic,"SKIN/HAIR/EYE PIGMENTATION 3, LIGHT/DARK SKIN",Albinism Condition
369610829,single nucleotide variant,NM_000372.5(TYR):c.1366+1G>T,TYR,Pathogenic/Likely pathogenic,"SKIN/HAIR/EYE PIGMENTATION 3, LIGHT/DARK SKIN",Albinism Condition
200854796,single nucleotide variant,NM_000372.5(TYR):c.892C>T (p.Arg298Trp),TYR,Uncertain significance,"SKIN/HAIR/EYE PIGMENTATION 3, LIGHT/DARK SKIN;Tyrosinase-negative oculocutaneous albinism;Oculocutaneous albinism type 1B",Albinism Condition
200854796,single nucleotide variant,NM_000372.5(TYR):c.892C>T (p.Arg298Trp),TYR,Uncertain significance,"SKIN/HAIR/EYE PIGMENTATION 3, LIGHT/DARK SKIN;Tyrosinase-negative oculocutaneous albinism;Oculocutaneous albinism type 1B",Albinism Condition
1944765423,single nucleotide variant,NM_000372.5(TYR):c.1346A>G (p.Tyr449Cys),TYR,Pathogenic/Likely pathogenic,"SKIN/HAIR/EYE PIGMENTATION 3, LIGHT/DARK SKIN",Albinism Condition
1944765423,single nucleotide variant,NM_000372.5(TYR):c.1346A>G (p.Tyr449Cys),TYR,Pathogenic/Likely pathogenic,"SKIN/HAIR/EYE PIGMENTATION 3, LIGHT/DARK SKIN",Albinism Condition
1451372078,single nucleotide variant,NM_000372.5(TYR):c.98A>C (p.Lys33Thr),TYR,Pathogenic,"SKIN/HAIR/EYE PIGMENTATION 3, LIGHT/DARK SKIN",Albinism Condition
1451372078,single nucleotide variant,NM_000372.5(TYR):c.98A>C (p.Lys33Thr),TYR,Pathogenic,"SKIN/HAIR/EYE PIGMENTATION 3, LIGHT/DARK SKIN",Albinism Condition
2135242624,single nucleotide variant,NM_000372.5(TYR):c.706T>C (p.Trp236Arg),TYR,Conflicting classifications of pathogenicity,"SKIN/HAIR/EYE PIGMENTATION 3, LIGHT/DARK SKIN",Albinism Condition
2135242624,single nucleotide variant,NM_000372.5(TYR):c.706T>C (p.Trp236Arg),TYR,Conflicting classifications of pathogenicity,"SKIN/HAIR/EYE PIGMENTATION 3, LIGHT/DARK SKIN",Albinism Condition
776054795,single nucleotide variant,NM_000372.5(TYR):c.1099C>T (p.His367Tyr),TYR,Likely pathogenic,"SKIN/HAIR/EYE PIGMENTATION 3, LIGHT/DARK SKIN",Albinism Condition
776054795,single nucleotide variant,NM_000372.5(TYR):c.1099C>T (p.His367Tyr),TYR,Likely pathogenic,"SKIN/HAIR/EYE PIGMENTATION 3, LIGHT/DARK SKIN",Albinism Condition
1565386406,Deletion,NM_000372.5(TYR):c.216del (p.Val74fs),TYR,Pathogenic,"SKIN/HAIR/EYE PIGMENTATION 3, LIGHT/DARK SKIN",Albinism Condition
1565386406,Deletion,NM_000372.5(TYR):c.216del (p.Val74fs),TYR,Pathogenic,"SKIN/HAIR/EYE PIGMENTATION 3, LIGHT/DARK SKIN",Albinism Condition
886044493,single nucleotide variant,NM_000372.5(TYR):c.1136G>T (p.Gly379Val),TYR,Likely pathogenic,"SKIN/HAIR/EYE PIGMENTATION 3, LIGHT/DARK SKIN",Albinism Condition
886044493,single nucleotide variant,NM_000372.5(TYR):c.1136G>T (p.Gly379Val),TYR,Likely pathogenic,"SKIN/HAIR/EYE PIGMENTATION 3, LIGHT/DARK SKIN",Albinism Condition
148815276,single nucleotide variant,NM_000372.5(TYR):c.893G>A (p.Arg298Gln),TYR,Uncertain significance,Inborn genetic diseases,Inborn genetic diseases
148815276,single nucleotide variant,NM_000372.5(TYR):c.893G>A (p.Arg298Gln),TYR,Uncertain significance,Inborn genetic diseases,Inborn genetic diseases
149912348,single nucleotide variant,NM_000372.5(TYR):c.1106A>G (p.Tyr369Cys),TYR,Pathogenic/Likely pathogenic,"SKIN/HAIR/EYE PIGMENTATION 3, LIGHT/DARK SKIN",Albinism Condition
149912348,single nucleotide variant,NM_000372.5(TYR):c.1106A>G (p.Tyr369Cys),TYR,Pathogenic/Likely pathogenic,"SKIN/HAIR/EYE PIGMENTATION 3, LIGHT/DARK SKIN",Albinism Condition
966882228,single nucleotide variant,NM_000372.5(TYR):c.389A>T (p.Glu130Val),TYR,Uncertain significance,"SKIN/HAIR/EYE PIGMENTATION 3, LIGHT/DARK SKIN;Tyrosinase-negative oculocutaneous albinism;Oculocutaneous albinism type 1B",Albinism Condition
966882228,single nucleotide variant,NM_000372.5(TYR):c.389A>T (p.Glu130Val),TYR,Uncertain significance,"SKIN/HAIR/EYE PIGMENTATION 3, LIGHT/DARK SKIN;Tyrosinase-negative oculocutaneous albinism;Oculocutaneous albinism type 1B",Albinism Condition
1320376090,single nucleotide variant,NM_000372.5(TYR):c.290G>T (p.Gly97Val),TYR,Pathogenic/Likely pathogenic,"SKIN/HAIR/EYE PIGMENTATION 3, LIGHT/DARK SKIN",Albinism Condition
1320376090,single nucleotide variant,NM_000372.5(TYR):c.290G>T (p.Gly97Val),TYR,Pathogenic/Likely pathogenic,"SKIN/HAIR/EYE PIGMENTATION 3, LIGHT/DARK SKIN",Albinism Condition
150207593,single nucleotide variant,NM_000372.5(TYR):c.690C>A (p.Asn230Lys),TYR,Uncertain significance,Inborn genetic diseases,Inborn genetic diseases
150207593,single nucleotide variant,NM_000372.5(TYR):c.690C>A (p.Asn230Lys),TYR,Uncertain significance,Inborn genetic diseases,Inborn genetic diseases
141930049,single nucleotide variant,NM_000372.5(TYR):c.547G>A (p.Val183Met),TYR,Conflicting classifications of pathogenicity,TYR-related condition,TYR-related condition
141930049,single nucleotide variant,NM_000372.5(TYR):c.547G>A (p.Val183Met),TYR,Conflicting classifications of pathogenicity,TYR-related condition,TYR-related condition
1377064834,single nucleotide variant,NM_000372.5(TYR):c.1036+13T>A,TYR,Likely benign,"Tyrosinase-negative oculocutaneous albinism;Oculocutaneous albinism type 1B;SKIN/HAIR/EYE PIGMENTATION 3, LIGHT/DARK SKIN",Albinism Condition
1377064834,single nucleotide variant,NM_000372.5(TYR):c.1036+13T>A,TYR,Likely benign,"Tyrosinase-negative oculocutaneous albinism;Oculocutaneous albinism type 1B;SKIN/HAIR/EYE PIGMENTATION 3, LIGHT/DARK SKIN",Albinism Condition
148710429,single nucleotide variant,NM_000372.5(TYR):c.48C>T (p.Ser16=),TYR,Likely benign,"Tyrosinase-negative oculocutaneous albinism;Oculocutaneous albinism type 1B;SKIN/HAIR/EYE PIGMENTATION 3, LIGHT/DARK SKIN",Albinism Condition
148710429,single nucleotide variant,NM_000372.5(TYR):c.48C>T (p.Ser16=),TYR,Likely benign,"Tyrosinase-negative oculocutaneous albinism;Oculocutaneous albinism type 1B;SKIN/HAIR/EYE PIGMENTATION 3, LIGHT/DARK SKIN",Albinism Condition
763648121,Deletion,NM_000372.5(TYR):c.1493del (p.Leu498fs),TYR,Likely pathogenic,Tyrosinase-negative oculocutaneous albinism,Albinism Condition
763648121,Deletion,NM_000372.5(TYR):c.1493del (p.Leu498fs),TYR,Likely pathogenic,Tyrosinase-negative oculocutaneous albinism,Albinism Condition
1565423615,Deletion,NM_000372.5(TYR):c.1237del (p.Glu413fs),TYR,Pathogenic,Oculocutaneous albinism type 1B,Albinism Condition
1565423615,Deletion,NM_000372.5(TYR):c.1237del (p.Glu413fs),TYR,Pathogenic,Oculocutaneous albinism type 1B,Albinism Condition
-1,single nucleotide variant,NM_000372.5(TYR):c.593T>C (p.Ile198Thr),TYR,Pathogenic,"SKIN/HAIR/EYE PIGMENTATION 3, LIGHT/DARK SKIN",Albinism Condition
-1,single nucleotide variant,NM_000372.5(TYR):c.593T>C (p.Ile198Thr),TYR,Pathogenic,"SKIN/HAIR/EYE PIGMENTATION 3, LIGHT/DARK SKIN",Albinism Condition
-1,single nucleotide variant,NM_000372.5(TYR):c.863T>C (p.Leu288Ser),TYR,Pathogenic/Likely pathogenic,"SKIN/HAIR/EYE PIGMENTATION 3, LIGHT/DARK SKIN",Albinism Condition
-1,single nucleotide variant,NM_000372.5(TYR):c.863T>C (p.Leu288Ser),TYR,Pathogenic/Likely pathogenic,"SKIN/HAIR/EYE PIGMENTATION 3, LIGHT/DARK SKIN",Albinism Condition
-1,single nucleotide variant,NM_000372.5(TYR):c.1037-3C>G,TYR,Conflicting classifications of pathogenicity,TYR-related condition,TYR-related condition
-1,single nucleotide variant,NM_000372.5(TYR):c.1037-3C>G,TYR,Conflicting classifications of pathogenicity,TYR-related condition,TYR-related condition
-1,single nucleotide variant,NM_000372.5(TYR):c.119G>A (p.Ser40Asn),TYR,Uncertain significance,Inborn genetic diseases,Inborn genetic diseases
-1,single nucleotide variant,NM_000372.5(TYR):c.119G>A (p.Ser40Asn),TYR,Uncertain significance,Inborn genetic diseases,Inborn genetic diseases
-1,single nucleotide variant,NM_000372.5(TYR):c.876G>A (p.Thr292=),TYR,Likely benign,TYR-related condition,TYR-related condition
-1,single nucleotide variant,NM_000372.5(TYR):c.876G>A (p.Thr292=),TYR,Likely benign,TYR-related condition,TYR-related condition
-1,single nucleotide variant,NM_000372.5(TYR):c.129G>A (p.Arg43=),TYR,Likely benign,TYR-related condition,TYR-related condition
-1,single nucleotide variant,NM_000372.5(TYR):c.129G>A (p.Arg43=),TYR,Likely benign,TYR-related condition,TYR-related condition
-1,Indel,NM_000372.5(TYR):c.818_819+1delinsTTT,TYR,Likely pathogenic,"SKIN/HAIR/EYE PIGMENTATION 3, LIGHT/DARK SKIN",Albinism Condition
-1,Indel,NM_000372.5(TYR):c.818_819+1delinsTTT,TYR,Likely pathogenic,"SKIN/HAIR/EYE PIGMENTATION 3, LIGHT/DARK SKIN",Albinism Condition
-1,single nucleotide variant,NM_000372.5(TYR):c.127A>G (p.Arg43Gly),TYR,Likely benign,Inborn genetic diseases,Inborn genetic diseases
-1,single nucleotide variant,NM_000372.5(TYR):c.127A>G (p.Arg43Gly),TYR,Likely benign,Inborn genetic diseases,Inborn genetic diseases
-1,single nucleotide variant,NM_000372.5(TYR):c.926C>A (p.Thr309Asn),TYR,Uncertain significance,Inborn genetic diseases,Inborn genetic diseases
-1,single nucleotide variant,NM_000372.5(TYR):c.926C>A (p.Thr309Asn),TYR,Uncertain significance,Inborn genetic diseases,Inborn genetic diseases
-1,single nucleotide variant,NM_000372.5(TYR):c.1279G>A (p.Val427Ile),TYR,Uncertain significance,Inborn genetic diseases,Inborn genetic diseases
-1,single nucleotide variant,NM_000372.5(TYR):c.1279G>A (p.Val427Ile),TYR,Uncertain significance,Inborn genetic diseases,Inborn genetic diseases
-1,single nucleotide variant,NM_000372.5(TYR):c.1424G>T (p.Trp475Leu),TYR,Uncertain significance,Inborn genetic diseases,Inborn genetic diseases
-1,single nucleotide variant,NM_000372.5(TYR):c.1424G>T (p.Trp475Leu),TYR,Uncertain significance,Inborn genetic diseases,Inborn genetic diseases
-1,single nucleotide variant,NM_000372.5(TYR):c.97A>G (p.Lys33Glu),TYR,Likely pathogenic,Oculocutaneous albinism type 1B,Albinism Condition
-1,single nucleotide variant,NM_000372.5(TYR):c.97A>G (p.Lys33Glu),TYR,Likely pathogenic,Oculocutaneous albinism type 1B,Albinism Condition
-1,Deletion,NM_000372.5(TYR):c.1322del (p.Ser441fs),TYR,Pathogenic,Oculocutaneous albinism type 1B,Albinism Condition
-1,Deletion,NM_000372.5(TYR):c.1322del (p.Ser441fs),TYR,Pathogenic,Oculocutaneous albinism type 1B,Albinism Condition
-1,single nucleotide variant,NM_000372.5(TYR):c.826T>C (p.Cys276Arg),TYR,Pathogenic,Oculocutaneous albinism,Albinism Condition
-1,single nucleotide variant,NM_000372.5(TYR):c.826T>C (p.Cys276Arg),TYR,Pathogenic,Oculocutaneous albinism,Albinism Condition
-1,single nucleotide variant,NM_000372.5(TYR):c.1109T>A (p.Met370Lys),TYR,Likely pathogenic,Tyrosinase-negative oculocutaneous albinism;Oculocutaneous albinism type 1B,Albinism Condition
-1,single nucleotide variant,NM_000372.5(TYR):c.1109T>A (p.Met370Lys),TYR,Likely pathogenic,Tyrosinase-negative oculocutaneous albinism;Oculocutaneous albinism type 1B,Albinism Condition
-1,Deletion,NM_000372.5(TYR):c.573del (p.Ser192fs),TYR,Pathogenic,TYR-related condition,TYR-related condition
-1,Deletion,NM_000372.5(TYR):c.573del (p.Ser192fs),TYR,Pathogenic,TYR-related condition,TYR-related condition
-1,single nucleotide variant,NM_000372.5(TYR):c.272G>T (p.Cys91Phe),TYR,Likely pathogenic,TYR-related condition,TYR-related condition
-1,single nucleotide variant,NM_000372.5(TYR):c.272G>T (p.Cys91Phe),TYR,Likely pathogenic,TYR-related condition,TYR-related condition
-1,single nucleotide variant,NM_000372.5(TYR):c.731G>C (p.Cys244Ser),TYR,Uncertain significance,TYR-related condition,TYR-related condition
-1,single nucleotide variant,NM_000372.5(TYR):c.731G>C (p.Cys244Ser),TYR,Uncertain significance,TYR-related condition,TYR-related condition
-1,Deletion,NM_000372.5(TYR):c.255del (p.Phe84_Tyr85insTer),TYR,Pathogenic,Tyrosinase-negative oculocutaneous albinism,Albinism Condition
-1,Deletion,NM_000372.5(TYR):c.255del (p.Phe84_Tyr85insTer),TYR,Pathogenic,Tyrosinase-negative oculocutaneous albinism,Albinism Condition
-1,single nucleotide variant,NM_000372.5(TYR):c.259A>G (p.Arg87Gly),TYR,Likely pathogenic,Tyrosinase-negative oculocutaneous albinism,Albinism Condition
-1,single nucleotide variant,NM_000372.5(TYR):c.259A>G (p.Arg87Gly),TYR,Likely pathogenic,Tyrosinase-negative oculocutaneous albinism,Albinism Condition
-1,Duplication,NM_000372.5(TYR):c.1427_1430dup (p.Trp477fs),TYR,Likely pathogenic,"SKIN/HAIR/EYE PIGMENTATION 3, LIGHT/DARK SKIN",Albinism Condition
-1,Duplication,NM_000372.5(TYR):c.1427_1430dup (p.Trp477fs),TYR,Likely pathogenic,"SKIN/HAIR/EYE PIGMENTATION 3, LIGHT/DARK SKIN",Albinism Condition
-1,Insertion,NM_000372.5(TYR):c.1045_1046insAT (p.Ser349fs),TYR,Pathogenic/Likely pathogenic,"SKIN/HAIR/EYE PIGMENTATION 3, LIGHT/DARK SKIN,Tyrosinase-negative oculocutaneous albinism;Oculocutaneous albinism type 1B",Albinism Condition
-1,Insertion,NM_000372.5(TYR):c.1045_1046insAT (p.Ser349fs),TYR,Pathogenic/Likely pathogenic,"SKIN/HAIR/EYE PIGMENTATION 3, LIGHT/DARK SKIN,Tyrosinase-negative oculocutaneous albinism;Oculocutaneous albinism type 1B",Albinism Condition
-1,Indel,NM_000372.5(TYR):c.266_267delinsAA (p.Cys89Ter),TYR,Likely pathogenic,"SKIN/HAIR/EYE PIGMENTATION 3, LIGHT/DARK SKIN",Albinism Condition
-1,Indel,NM_000372.5(TYR):c.266_267delinsAA (p.Cys89Ter),TYR,Likely pathogenic,"SKIN/HAIR/EYE PIGMENTATION 3, LIGHT/DARK SKIN",Albinism Condition
-1,Deletion,NM_000372.5(TYR):c.178_179del (p.Leu60fs),TYR,Pathogenic/Likely pathogenic,"SKIN/HAIR/EYE PIGMENTATION 3, LIGHT/DARK SKIN",Albinism Condition
-1,Deletion,NM_000372.5(TYR):c.178_179del (p.Leu60fs),TYR,Pathogenic/Likely pathogenic,"SKIN/HAIR/EYE PIGMENTATION 3, LIGHT/DARK SKIN",Albinism Condition
-1,single nucleotide variant,NM_000372.5(TYR):c.241C>T (p.Pro81Ser),TYR,Pathogenic,"SKIN/HAIR/EYE PIGMENTATION 3, LIGHT/DARK SKIN",Albinism Condition
-1,single nucleotide variant,NM_000372.5(TYR):c.241C>T (p.Pro81Ser),TYR,Pathogenic,"SKIN/HAIR/EYE PIGMENTATION 3, LIGHT/DARK SKIN",Albinism Condition
-1,single nucleotide variant,NM_000372.5(TYR):c.607G>T (p.Glu203Ter),TYR,Pathogenic/Likely pathogenic,"SKIN/HAIR/EYE PIGMENTATION 3, LIGHT/DARK SKIN",Albinism Condition
-1,single nucleotide variant,NM_000372.5(TYR):c.607G>T (p.Glu203Ter),TYR,Pathogenic/Likely pathogenic,"SKIN/HAIR/EYE PIGMENTATION 3, LIGHT/DARK SKIN",Albinism Condition
-1,single nucleotide variant,NM_000372.5(TYR):c.819G>T (p.Gln273His),TYR,Pathogenic,"SKIN/HAIR/EYE PIGMENTATION 3, LIGHT/DARK SKIN",Albinism Condition
-1,single nucleotide variant,NM_000372.5(TYR):c.819G>T (p.Gln273His),TYR,Pathogenic,"SKIN/HAIR/EYE PIGMENTATION 3, LIGHT/DARK SKIN",Albinism Condition
-1,single nucleotide variant,NM_000372.5(TYR):c.1184G>A (p.Ser395Asn),TYR,Pathogenic,"SKIN/HAIR/EYE PIGMENTATION 3, LIGHT/DARK SKIN",Albinism Condition
-1,single nucleotide variant,NM_000372.5(TYR):c.1184G>A (p.Ser395Asn),TYR,Pathogenic,"SKIN/HAIR/EYE PIGMENTATION 3, LIGHT/DARK SKIN",Albinism Condition
-1,Deletion,NM_000372.5(TYR):c.69del (p.Cys24fs),TYR,Pathogenic,"SKIN/HAIR/EYE PIGMENTATION 3, LIGHT/DARK SKIN",Albinism Condition
-1,Deletion,NM_000372.5(TYR):c.69del (p.Cys24fs),TYR,Pathogenic,"SKIN/HAIR/EYE PIGMENTATION 3, LIGHT/DARK SKIN",Albinism Condition
-1,single nucleotide variant,NM_000372.5(TYR):c.440C>G (p.Ser147Ter),TYR,Pathogenic,"SKIN/HAIR/EYE PIGMENTATION 3, LIGHT/DARK SKIN",Albinism Condition
-1,single nucleotide variant,NM_000372.5(TYR):c.440C>G (p.Ser147Ter),TYR,Pathogenic,"SKIN/HAIR/EYE PIGMENTATION 3, LIGHT/DARK SKIN",Albinism Condition
-1,Deletion,NM_000372.5(TYR):c.1059del (p.Gly353_Ile354insTer),TYR,Likely pathogenic,"SKIN/HAIR/EYE PIGMENTATION 3, LIGHT/DARK SKIN",Albinism Condition
-1,Deletion,NM_000372.5(TYR):c.1059del (p.Gly353_Ile354insTer),TYR,Likely pathogenic,"SKIN/HAIR/EYE PIGMENTATION 3, LIGHT/DARK SKIN",Albinism Condition
-1,Deletion,NM_000372.5(TYR):c.422del (p.Ala141fs),TYR,Likely pathogenic,"SKIN/HAIR/EYE PIGMENTATION 3, LIGHT/DARK SKIN",Albinism Condition
-1,Deletion,NM_000372.5(TYR):c.422del (p.Ala141fs),TYR,Likely pathogenic,"SKIN/HAIR/EYE PIGMENTATION 3, LIGHT/DARK SKIN",Albinism Condition
-1,Deletion,NM_000372.5(TYR):c.1037-10del,TYR,Benign/Likely benign,TYR-related condition,TYR-related condition
-1,Deletion,NM_000372.5(TYR):c.1037-10del,TYR,Benign/Likely benign,TYR-related condition,TYR-related condition
-1,single nucleotide variant,NM_000372.5(TYR):c.1353T>G (p.Tyr451Ter),TYR,Pathogenic,TYR-related condition,TYR-related condition
-1,single nucleotide variant,NM_000372.5(TYR):c.1353T>G (p.Tyr451Ter),TYR,Pathogenic,TYR-related condition,TYR-related condition
-1,single nucleotide variant,NM_000372.5(TYR):c.879C>T (p.Pro293=),TYR,Likely benign,TYR-related condition,TYR-related condition
-1,single nucleotide variant,NM_000372.5(TYR):c.879C>T (p.Pro293=),TYR,Likely benign,TYR-related condition,TYR-related condition
-1,single nucleotide variant,NM_000372.5(TYR):c.240G>C (p.Trp80Cys),TYR,Likely pathogenic,Tyrosinase-negative oculocutaneous albinism,Albinism Condition
-1,single nucleotide variant,NM_000372.5(TYR):c.240G>C (p.Trp80Cys),TYR,Likely pathogenic,Tyrosinase-negative oculocutaneous albinism,Albinism Condition
-1,single nucleotide variant,NM_000372.5(TYR):c.638T>C (p.Leu213Pro),TYR,Uncertain significance,TYR-related condition,TYR-related condition
-1,single nucleotide variant,NM_000372.5(TYR):c.638T>C (p.Leu213Pro),TYR,Uncertain significance,TYR-related condition,TYR-related condition
-1,Duplication,NM_000372.5(TYR):c.1037-21dup,TYR,Benign,TYR-related condition,TYR-related condition
-1,Duplication,NM_000372.5(TYR):c.1037-21dup,TYR,Benign,TYR-related condition,TYR-related condition
-1,single nucleotide variant,NM_000372.5(TYR):c.133C>A (p.Pro45Thr),TYR,Likely pathogenic,Oculocutaneous albinism,Albinism Condition
-1,single nucleotide variant,NM_000372.5(TYR):c.133C>A (p.Pro45Thr),TYR,Likely pathogenic,Oculocutaneous albinism,Albinism Condition
